model_scope,model_role,climate_type,city,response_metric,response_label,response_subfamily,driver_metrics,driver_metric_count,response_screening_source,model,ridge_alpha,driver_response_n,driver_response_r2,driver_response_condition_number,driver_response_dominant_driver,driver_response_dominant_abs_beta,driver_response_beta_annual_mean_drybulb_c,driver_response_beta_summer_mean_drybulb_c,driver_response_beta_cdd_18,driver_response_beta_hdd_18,driver_response_beta_maximum_wetbulb_c,driver_response_beta_annual_ghi_kwh_m2,driver_response_beta_heatwave_days,block_decomposition_n,block_decomposition_r2,block_beta2_share_thermal_shift,block_beta2_share_demand_background,block_beta2_share_humid_heat_stress,block_beta2_share_solar_burden,block_beta2_share_persistence_heatwave,block_dominant,block_dominant_share
pooled,pooled_baseline,All,All,maximum_delta_t_k,Maximum delta_t,habitability,annual_mean_drybulb_c; summer_mean_drybulb_c; cdd_18; hdd_18; maximum_wetbulb_c; annual_ghi_kwh_m2; heatwave_days,7,screening_selected_for_analysis,annual_standardized_ridge,1.0,456,0.8998368716257933,111.39862947045933,annual_ghi_kwh_m2,1.0233044129166242,-0.38884471716036406,0.4662670756548638,-0.5135962915583118,-0.10931440744778659,0.272529463484683,1.0233044129166242,0.9550586603086397,456,0.8998368716257933,0.13764725209524947,0.10296541021005377,0.02773530913283544,0.39103513612348695,0.3406168924383744,solar_burden,0.39103513612348695
pooled,pooled_baseline,All,All,annual_edh_c_h,Annual EDH,habitability,annual_mean_drybulb_c; summer_mean_drybulb_c; cdd_18; hdd_18; maximum_wetbulb_c; annual_ghi_kwh_m2; heatwave_days,7,screening_selected_for_analysis,annual_standardized_ridge,1.0,456,0.9104780535095609,111.39862947045933,annual_mean_drybulb_c,0.7591634524707656,0.7591634524707656,0.36540020316053434,0.3394931036674006,0.5765679286051671,0.16366122475581954,0.30417418909336796,-0.4108326959860823,456,0.9104780535095609,0.4910315051325513,0.30968387475206,0.0185283409234458,0.06400142699738075,0.11675485219456222,thermal_shift,0.4910315051325513
pooled,pooled_baseline,All,All,maximum_daily_edh_k_h,Maximum daily EDH,habitability,annual_mean_drybulb_c; summer_mean_drybulb_c; cdd_18; hdd_18; maximum_wetbulb_c; annual_ghi_kwh_m2; heatwave_days,7,screening_selected_for_analysis,annual_standardized_ridge,1.0,456,0.8236427865861726,111.39862947045933,heatwave_days,1.1744405755273435,-0.21241516408266145,0.422784968739185,-0.6754215885213979,-0.23150116667429668,0.21199721243305356,0.6652116464928823,1.1744405755273435,456,0.8236427865861726,0.08608909655381126,0.19604071574163207,0.017282944211823043,0.17016769482199978,0.5304195486707338,persistence_heatwave,0.5304195486707338
pooled,pooled_baseline,All,All,daily_edh_exceedance_days,Daily EDH exceedance days,habitability,annual_mean_drybulb_c; summer_mean_drybulb_c; cdd_18; hdd_18; maximum_wetbulb_c; annual_ghi_kwh_m2; heatwave_days,7,screening_selected_for_analysis,annual_standardized_ridge,1.0,456,0.8818719879598437,111.39862947045933,heatwave_days,1.1751058913025736,-0.1393979886298184,-0.028597720825582866,-0.37964243524839053,-0.3119395618734176,0.16796054784445727,0.10187068517359496,1.1751058913025736,456,0.8818719879598437,0.012045130177956814,0.14361310199875355,0.01678065833853135,0.006172951778742683,0.8213881577060156,persistence_heatwave,0.8213881577060156
pooled,pooled_baseline,All,All,cooling_setpoint_not_met_occupied_hours,Cooling setpoint not met occupied hours,operational_adequacy,annual_mean_drybulb_c; summer_mean_drybulb_c; cdd_18; hdd_18; maximum_wetbulb_c; annual_ghi_kwh_m2; heatwave_days,7,screening_selected_for_analysis,annual_standardized_ridge,1.0,456,0.9712616790931045,111.39862947045933,cdd_18,1.2009993778581807,0.9742981239010089,-0.5812943651589227,1.2009993778581807,0.6264134646964746,0.1421471222782143,-0.02844182811921113,-0.9062094313806726,456,0.9712616790931045,0.3246973673734678,0.46284267515067046,0.0050970909769053755,0.0002040615853970313,0.20715880491355937,demand_background,0.46284267515067046
pooled,pooled_baseline,All,All,heating_unmet_hours,Heating unmet hours,operational_adequacy,annual_mean_drybulb_c; summer_mean_drybulb_c; cdd_18; hdd_18; maximum_wetbulb_c; annual_ghi_kwh_m2; heatwave_days,7,screening_selected_for_analysis,annual_standardized_ridge,1.0,455,0.9782348362117875,78404.5837290482,hdd_18,1.0422569349842759,-0.1487013423188154,-0.45309239852413535,0.7657082826934285,1.0422569349842759,-0.07326828940941747,-0.1675098881896851,-0.130450803259914,455,0.9782348362117875,0.11659042481759387,0.8575463172645317,0.0027522972809762083,0.014386135090663957,0.008724825546234292,demand_background,0.8575463172645317
pooled,pooled_baseline,All,All,cooling_peak_demand_kw,Cooling peak demand,operational_adequacy,annual_mean_drybulb_c; summer_mean_drybulb_c; cdd_18; hdd_18; maximum_wetbulb_c; annual_ghi_kwh_m2; heatwave_days,7,screening_selected_for_analysis,annual_standardized_ridge,1.0,455,0.9789694067840223,78404.5837290482,annual_ghi_kwh_m2,0.7100728746848002,-0.12088961054948989,0.6173357089309399,0.15299738546283648,0.37981174652370236,0.2681670608255268,0.7100728746848002,0.21716125028890312,455,0.9789694067840223,0.33347213189893166,0.1412917914378469,0.0606017214421815,0.42489335773636794,0.03974099748467195,solar_burden,0.42489335773636794
pooled,pooled_baseline,All,All,annual_cooling_electricity_kwh,Annual cooling electricity,energy_burden,annual_mean_drybulb_c; summer_mean_drybulb_c; cdd_18; hdd_18; maximum_wetbulb_c; annual_ghi_kwh_m2; heatwave_days,7,screening_selected_for_analysis,annual_standardized_ridge,1.0,455,0.9948429749938191,78404.5837290482,cdd_18,1.0865266941240064,0.43728767034786414,-0.0720688648322314,1.0865266941240064,0.25982259269366376,0.04253616823954612,0.10928296336471062,-0.6306036966349763,455,0.9948429749938191,0.10583383400710722,0.6724847566039952,0.0009749175157160445,0.006435111394268722,0.21427138047891284,demand_background,0.6724847566039952
per_climate,main,Am,Miami,maximum_delta_t_k,Maximum delta_t,habitability,annual_mean_drybulb_c; summer_mean_drybulb_c; cdd_18; hdd_18; maximum_wetbulb_c; annual_ghi_kwh_m2; heatwave_days,7,screening_selected_for_analysis,annual_standardized_ridge,1.0,76,0.1414850893203049,13.706582965856308,heatwave_days,0.3101145694263579,-0.005284476415099292,-0.07712320425095384,0.3045378142095282,-0.18524125468594146,-0.20065375604091795,0.003882808977911116,-0.3101145694263579,76,0.1414850893203049,0.022175595688679984,0.47148902643554347,0.14940513344774478,5.594521956258745e-05,0.35687429920846925,demand_background,0.47148902643554347
per_climate,main,Am,Miami,annual_edh_c_h,Annual EDH,habitability,annual_mean_drybulb_c; summer_mean_drybulb_c; cdd_18; hdd_18; maximum_wetbulb_c; annual_ghi_kwh_m2; heatwave_days,7,screening_selected_for_analysis,annual_standardized_ridge,1.0,76,0.8276660945813623,13.706582965856308,annual_mean_drybulb_c,1.8181944811774584,1.8181944811774584,-0.45289300949362116,-0.7849537972332115,-0.08506428331497122,-0.04748182632048328,0.11595471398501345,-0.20892620108532806,76,0.8276660945813623,0.8371982897123079,0.1486494260807795,0.0005376001151561588,0.0032061315722770618,0.010408552519479426,thermal_shift,0.8371982897123079
per_climate,main,Am,Miami,maximum_daily_edh_k_h,Maximum daily EDH,habitability,annual_mean_drybulb_c; summer_mean_drybulb_c; cdd_18; hdd_18; maximum_wetbulb_c; annual_ghi_kwh_m2; heatwave_days,7,screening_selected_for_analysis,annual_standardized_ridge,1.0,76,0.047651425265502034,13.706582965856308,maximum_wetbulb_c,0.2606990399093236,-0.1463520888505072,-0.020309825676138413,-0.12849449683873765,-0.05039883406445213,0.2606990399093236,-0.06267159624331546,-0.13274760813148076,76,0.047651425265502034,0.16742409129068417,0.14610023267730027,0.5212124378669766,0.0301215572022786,0.13514168096276027,humid_heat_stress,0.5212124378669766
per_climate,main,Am,Miami,daily_edh_exceedance_days,Daily EDH exceedance days,habitability,annual_mean_drybulb_c; summer_mean_drybulb_c; cdd_18; hdd_18; maximum_wetbulb_c; annual_ghi_kwh_m2; heatwave_days,7,screening_selected_for_analysis,annual_standardized_ridge,1.0,76,0.07858079794468154,13.706582965856308,summer_mean_drybulb_c,0.19572956845696665,0.14882294226000845,-0.19572956845696665,-0.06852415744523309,0.019144076802581646,-0.15334190051993418,-0.13454887332760185,0.028137003716596186,76,0.07858079794468154,0.5601665051068947,0.04690162669127777,0.21786258787504512,0.16773400075708728,0.0073352795696950525,thermal_shift,0.5601665051068947
per_climate,main,Am,Miami,cooling_setpoint_not_met_occupied_hours,Cooling setpoint not met occupied hours,operational_adequacy,annual_mean_drybulb_c; summer_mean_drybulb_c; cdd_18; hdd_18; maximum_wetbulb_c; annual_ghi_kwh_m2; heatwave_days,7,screening_selected_for_analysis,annual_standardized_ridge,1.0,76,0.9867559683446896,13.706582965856308,annual_mean_drybulb_c,0.692325935601242,0.692325935601242,-0.01578147260233894,0.2699697704020285,0.032166118028292744,0.08124918307330027,0.06860425540993009,0.010883805334637316,76,0.9867559683446896,0.8489229885691562,0.13084998306708343,0.011685828129061755,0.008331507675787404,0.0002096925589110464,thermal_shift,0.8489229885691562
per_climate,main,Am,Miami,heating_unmet_hours,Heating unmet hours,operational_adequacy,annual_mean_drybulb_c; summer_mean_drybulb_c; cdd_18; hdd_18; maximum_wetbulb_c; annual_ghi_kwh_m2; heatwave_days,7,screening_selected_for_analysis,annual_standardized_ridge,1.0,75,0.7665705121667719,13643.811294273912,hdd_18,0.9335763553438687,0.05470219928504972,-0.07041733457600494,0.10777766084477412,0.9335763553438687,0.006992873730276296,0.0013726334575051588,0.00918603008820501,75,0.7665705121667719,0.008920931885509617,0.9909274103460377,5.4866035201124845e-05,2.1139823946228283e-06,9.467775085686166e-05,demand_background,0.9909274103460377
per_climate,main,Am,Miami,cooling_peak_demand_kw,Cooling peak demand,operational_adequacy,annual_mean_drybulb_c; summer_mean_drybulb_c; cdd_18; hdd_18; maximum_wetbulb_c; annual_ghi_kwh_m2; heatwave_days,7,screening_selected_for_analysis,annual_standardized_ridge,1.0,75,0.8979339887288132,13643.811294273912,maximum_wetbulb_c,0.5665290106387597,-0.0333637617268539,0.50263095514212,-0.03327509002996228,0.03364672611866445,0.5665290106387597,-0.05533825218902718,-0.047750642462568875,75,0.8979339887288132,0.4357827289495774,0.0038457500631996844,0.5511965993520612,0.005259120211861225,0.003915801423300313,humid_heat_stress,0.5511965993520612
per_climate,main,Am,Miami,annual_cooling_electricity_kwh,Annual cooling electricity,energy_burden,annual_mean_drybulb_c; summer_mean_drybulb_c; cdd_18; hdd_18; maximum_wetbulb_c; annual_ghi_kwh_m2; heatwave_days,7,screening_selected_for_analysis,annual_standardized_ridge,1.0,75,0.9948956425070713,13643.811294273912,cdd_18,0.45171475224864693,0.43306672128634993,0.07661860594897486,0.45171475224864693,0.056726900716639925,0.06584822463809348,0.012506802794154481,0.02248697094198666,75,0.9948956425070713,0.4767734888636886,0.5109062594024656,0.010688214381451799,0.000385575667994761,0.0012464616843992616,demand_background,0.5109062594024656
per_climate,main,BWh,Phoenix,maximum_delta_t_k,Maximum delta_t,habitability,annual_mean_drybulb_c; summer_mean_drybulb_c; cdd_18; hdd_18; maximum_wetbulb_c; annual_ghi_kwh_m2; heatwave_days,7,screening_selected_for_analysis,annual_standardized_ridge,1.0,76,0.059559074779442445,18397.855349800102,cdd_18,0.4243318015879788,-0.24959816622071393,0.1202647148593789,-0.4243318015879788,-0.3788438763860457,-0.1071769563914866,,0.17239808006144375,76,0.059559074779442445,0.1738481973757755,0.7328262353642114,0.026014888106731113,0.0,0.06731067915328191,demand_background,0.7328262353642114
per_climate,main,BWh,Phoenix,annual_edh_c_h,Annual EDH,habitability,annual_mean_drybulb_c; summer_mean_drybulb_c; cdd_18; hdd_18; maximum_wetbulb_c; annual_ghi_kwh_m2; heatwave_days,7,screening_selected_for_analysis,annual_standardized_ridge,1.0,76,0.6843989256870266,18397.855349800102,summer_mean_drybulb_c,1.0290798126675376,-0.033677144486877995,-1.0290798126675376,-0.08408845424586615,-0.14558419611368473,-0.08117104190827072,,0.5548739769088967,76,0.6843989256870266,0.7556884680145247,0.020148300886759198,0.004696583588707268,0.0,0.21946664751000877,thermal_shift,0.7556884680145247
per_climate,main,BWh,Phoenix,maximum_daily_edh_k_h,Maximum daily EDH,habitability,annual_mean_drybulb_c; summer_mean_drybulb_c; cdd_18; hdd_18; maximum_wetbulb_c; annual_ghi_kwh_m2; heatwave_days,7,screening_selected_for_analysis,annual_standardized_ridge,1.0,76,0.10531706258147966,18397.855349800102,cdd_18,0.17867053006097228,-0.11778483521723594,-0.1621422117687325,-0.17867053006097228,-0.107414854611282,-0.06001912014869738,,0.10095964431359215,76,0.10531706258147966,0.4122718300801308,0.44612276403944723,0.036977098178646875,0.0,0.10462830770177499,demand_background,0.44612276403944723
per_climate,main,BWh,Phoenix,daily_edh_exceedance_days,Daily EDH exceedance days,habitability,annual_mean_drybulb_c; summer_mean_drybulb_c; cdd_18; hdd_18; maximum_wetbulb_c; annual_ghi_kwh_m2; heatwave_days,7,screening_selected_for_analysis,annual_standardized_ridge,1.0,76,0.6074537545240875,18397.855349800102,summer_mean_drybulb_c,0.9060322916880654,-0.09276743540887403,-0.9060322916880654,-0.1605399877506615,-0.15002093726751684,-0.08489456077524958,,0.633394088584377,76,0.6074537545240875,0.6449358876009627,0.037537174468907815,0.005603504467023361,0.0,0.31192343346310625,thermal_shift,0.6449358876009627
per_climate,main,BWh,Phoenix,cooling_setpoint_not_met_occupied_hours,Cooling setpoint not met occupied hours,operational_adequacy,annual_mean_drybulb_c; summer_mean_drybulb_c; cdd_18; hdd_18; maximum_wetbulb_c; annual_ghi_kwh_m2; heatwave_days,7,screening_selected_for_analysis,annual_standardized_ridge,1.0,76,0.9528907970221212,18397.855349800102,cdd_18,0.4774099039260894,0.3328703771287334,0.4699430594734389,0.4774099039260894,0.19767146321368861,0.0032272314966420236,,-0.14429059690850532,76,0.9528907970221212,0.5353725754083498,0.4310017915109189,1.6812699413894697e-05,0.0,0.03360882038131738,thermal_shift,0.5353725754083498
per_climate,main,BWh,Phoenix,heating_unmet_hours,Heating unmet hours,operational_adequacy,annual_mean_drybulb_c; summer_mean_drybulb_c; cdd_18; hdd_18; maximum_wetbulb_c; annual_ghi_kwh_m2; heatwave_days,7,screening_selected_for_analysis,annual_standardized_ridge,1.0,76,0.6917592957554974,18397.855349800102,hdd_18,1.1993139301702946,0.37938384354174476,-0.5730200124168298,0.831693556307128,1.1993139301702946,0.04332432297432553,,-0.34195804163725874,76,0.6917592957554974,0.17355953714550484,0.782778161967206,0.0006897771243757222,0.0,0.04297252376291344,demand_background,0.782778161967206
per_climate,main,BWh,Phoenix,cooling_peak_demand_kw,Cooling peak demand,operational_adequacy,annual_mean_drybulb_c; summer_mean_drybulb_c; cdd_18; hdd_18; maximum_wetbulb_c; annual_ghi_kwh_m2; heatwave_days,7,screening_selected_for_analysis,annual_standardized_ridge,1.0,76,0.76170233936178,18397.855349800102,summer_mean_drybulb_c,0.5707798970033411,0.14240754431969893,0.5707798970033411,0.17478215352570106,-0.017238267178569907,0.09457434991076999,,-0.08904816682347255,76,0.76170233936178,0.8788188874427041,0.07833109712683879,0.022713426775795437,0.0,0.020136588654661725,thermal_shift,0.8788188874427041
per_climate,main,BWh,Phoenix,annual_cooling_electricity_kwh,Annual cooling electricity,energy_burden,annual_mean_drybulb_c; summer_mean_drybulb_c; cdd_18; hdd_18; maximum_wetbulb_c; annual_ghi_kwh_m2; heatwave_days,7,screening_selected_for_analysis,annual_standardized_ridge,1.0,76,0.9858411237059477,18397.855349800102,cdd_18,0.472787943836042,0.3551783969668158,0.15877853115389418,0.472787943836042,0.08470900550182808,0.06819920507870526,,0.05712996838135626,76,0.9858411237059477,0.38812707603901,0.5915771709819667,0.011926549156982593,0.0,0.008369203822040764,demand_background,0.5915771709819667
per_climate,main,Cfb,Vancouver,maximum_delta_t_k,Maximum delta_t,habitability,annual_mean_drybulb_c; summer_mean_drybulb_c; cdd_18; hdd_18; maximum_wetbulb_c; annual_ghi_kwh_m2; heatwave_days,7,screening_selected_for_analysis,annual_standardized_ridge,1.0,76,0.4155042128314692,13584.709343022329,cdd_18,0.7990886007179802,-0.014899646570274807,-0.09886553474818352,0.7990886007179802,0.24515800697586948,0.15447863270962364,,,76,0.4155042128314692,0.013646858814242033,0.953775008195148,0.03257813299060988,0.0,0.0,demand_background,0.953775008195148
per_climate,main,Cfb,Vancouver,annual_edh_c_h,Annual EDH,habitability,annual_mean_drybulb_c; summer_mean_drybulb_c; cdd_18; hdd_18; maximum_wetbulb_c; annual_ghi_kwh_m2; heatwave_days,7,screening_selected_for_analysis,annual_standardized_ridge,1.0,76,0.2615549032664597,13584.709343022329,cdd_18,0.4732920032765257,-0.045758839308571324,0.00736335937816852,0.4732920032765257,0.19162644945265825,0.24514464941093697,,,76,0.2615549032664597,0.0066510524068864076,0.807276253516174,0.1860726940769394,0.0,0.0,demand_background,0.807276253516174
per_climate,main,Cfb,Vancouver,maximum_daily_edh_k_h,Maximum daily EDH,habitability,annual_mean_drybulb_c; summer_mean_drybulb_c; cdd_18; hdd_18; maximum_wetbulb_c; annual_ghi_kwh_m2; heatwave_days,7,screening_selected_for_analysis,annual_standardized_ridge,1.0,76,0.3369192600077353,13584.709343022329,cdd_18,0.6563921361247723,-0.019799535292032083,-0.05486005247051946,0.6563921361247723,0.21118951371439892,0.17549055247855533,,,76,0.3369192600077353,0.006674473526626888,0.9328979384625468,0.060427588010826316,0.0,0.0,demand_background,0.9328979384625468
per_climate,main,Cfb,Vancouver,daily_edh_exceedance_days,Daily EDH exceedance days,habitability,annual_mean_drybulb_c; summer_mean_drybulb_c; cdd_18; hdd_18; maximum_wetbulb_c; annual_ghi_kwh_m2; heatwave_days,7,screening_selected_for_analysis,annual_standardized_ridge,1.0,,,,,,,,,,,,,,,,,,,,,
per_climate,main,Cfb,Vancouver,cooling_setpoint_not_met_occupied_hours,Cooling setpoint not met occupied hours,operational_adequacy,annual_mean_drybulb_c; summer_mean_drybulb_c; cdd_18; hdd_18; maximum_wetbulb_c; annual_ghi_kwh_m2; heatwave_days,7,screening_selected_for_analysis,annual_standardized_ridge,1.0,,,,,,,,,,,,,,,,,,,,,
per_climate,main,Cfb,Vancouver,heating_unmet_hours,Heating unmet hours,operational_adequacy,annual_mean_drybulb_c; summer_mean_drybulb_c; cdd_18; hdd_18; maximum_wetbulb_c; annual_ghi_kwh_m2; heatwave_days,7,screening_selected_for_analysis,annual_standardized_ridge,1.0,76,0.9695476688033309,13584.709343022329,hdd_18,0.6359529174045835,-0.4703270415488713,0.009526814576154632,0.18129214196925433,0.6359529174045835,-0.03584566628723562,,,76,0.9695476688033309,0.33535828198943923,0.6626945460811511,0.0019471719294097078,0.0,0.0,demand_background,0.6626945460811511
per_climate,main,Cfb,Vancouver,cooling_peak_demand_kw,Cooling peak demand,operational_adequacy,annual_mean_drybulb_c; summer_mean_drybulb_c; cdd_18; hdd_18; maximum_wetbulb_c; annual_ghi_kwh_m2; heatwave_days,7,screening_selected_for_analysis,annual_standardized_ridge,1.0,76,0.8724724882739625,13584.709343022329,maximum_wetbulb_c,0.5756215724592478,0.03103586682597744,-0.055827898506910605,0.523312004863781,0.11151593194932245,0.5756215724592478,,,76,0.8724724882739625,0.006562496802831635,0.46048897128031596,0.5329485319168522,0.0,0.0,humid_heat_stress,0.5329485319168522
per_climate,main,Cfb,Vancouver,annual_cooling_electricity_kwh,Annual cooling electricity,energy_burden,annual_mean_drybulb_c; summer_mean_drybulb_c; cdd_18; hdd_18; maximum_wetbulb_c; annual_ghi_kwh_m2; heatwave_days,7,screening_selected_for_analysis,annual_standardized_ridge,1.0,76,0.9805426390339687,13584.709343022329,cdd_18,0.6517496686454487,0.20983164185528647,-0.016066014515179146,0.6517496686454487,-0.07571990683041405,0.10522937819619751,,,76,0.9805426390339687,0.09115045472294613,0.8860591256111583,0.02279041966589559,0.0,0.0,demand_background,0.8860591256111583
per_climate,main,Csb,Los_Angeles,maximum_delta_t_k,Maximum delta_t,habitability,annual_mean_drybulb_c; summer_mean_drybulb_c; cdd_18; hdd_18; maximum_wetbulb_c; annual_ghi_kwh_m2; heatwave_days,7,screening_selected_for_analysis,annual_standardized_ridge,1.0,76,0.3122830674280659,11085.593249335148,maximum_wetbulb_c,0.253269262286142,0.08827654739546108,0.11564158405400093,0.10688568304990183,-0.0483114853070288,0.253269262286142,-0.15656671135635145,-0.10087277689955958,76,0.3122830674280659,0.15823889149991782,0.1028614678499095,0.4795623259956036,0.1832647530873161,0.07607256156725296,humid_heat_stress,0.4795623259956036
per_climate,main,Csb,Los_Angeles,annual_edh_c_h,Annual EDH,habitability,annual_mean_drybulb_c; summer_mean_drybulb_c; cdd_18; hdd_18; maximum_wetbulb_c; annual_ghi_kwh_m2; heatwave_days,7,screening_selected_for_analysis,annual_standardized_ridge,1.0,76,0.8433758875396062,11085.593249335148,cdd_18,0.6071319251889559,0.29281644395438483,0.06529862605893408,0.6071319251889559,0.1440110590985306,0.14623015329503555,-0.15284771275721876,-0.0938350225626493,76,0.8433758875396062,0.16889591248339303,0.7306157274874401,0.040125877030538284,0.04383979915473741,0.01652268384389123,demand_background,0.7306157274874401
per_climate,main,Csb,Los_Angeles,maximum_daily_edh_k_h,Maximum daily EDH,habitability,annual_mean_drybulb_c; summer_mean_drybulb_c; cdd_18; hdd_18; maximum_wetbulb_c; annual_ghi_kwh_m2; heatwave_days,7,screening_selected_for_analysis,annual_standardized_ridge,1.0,76,0.25333769520105875,11085.593249335148,maximum_wetbulb_c,0.29265903046911,0.052895145861182366,0.1671557902105029,0.027583595985146887,-0.07168535838931886,0.29265903046911,-0.04021468217629539,-0.1710191140939826,76,0.25333769520105875,0.2007079303308731,0.03852133639894074,0.559241378183326,0.010559533194711451,0.19096982189214876,humid_heat_stress,0.559241378183326
per_climate,main,Csb,Los_Angeles,daily_edh_exceedance_days,Daily EDH exceedance days,habitability,annual_mean_drybulb_c; summer_mean_drybulb_c; cdd_18; hdd_18; maximum_wetbulb_c; annual_ghi_kwh_m2; heatwave_days,7,screening_selected_for_analysis,annual_standardized_ridge,1.0,76,0.33285228814615475,11085.593249335148,maximum_wetbulb_c,0.26986248114298955,0.12422652603161677,0.008763248804200057,0.2659917982678701,0.07953734277990869,0.26986248114298955,-0.18999646951355295,-0.11983259302694464,76,0.33285228814615475,0.07184390613584864,0.35705483231339297,0.3373575844191406,0.16722319712847228,0.06652048000314542,demand_background,0.35705483231339297
per_climate,main,Csb,Los_Angeles,cooling_setpoint_not_met_occupied_hours,Cooling setpoint not met occupied hours,operational_adequacy,annual_mean_drybulb_c; summer_mean_drybulb_c; cdd_18; hdd_18; maximum_wetbulb_c; annual_ghi_kwh_m2; heatwave_days,7,screening_selected_for_analysis,annual_standardized_ridge,1.0,76,0.8498294797563777,11085.593249335148,cdd_18,0.40598231483880703,0.24476873023220203,0.047037096195928545,0.40598231483880703,-0.013658329296200752,0.240080390802954,-0.20493389694112205,0.013525835789886961,76,0.8498294797563777,0.19001029953205947,0.5046865092945457,0.1762907698381547,0.12845286422749977,0.0005595571077403551,demand_background,0.5046865092945457
per_climate,main,Csb,Los_Angeles,heating_unmet_hours,Heating unmet hours,operational_adequacy,annual_mean_drybulb_c; summer_mean_drybulb_c; cdd_18; hdd_18; maximum_wetbulb_c; annual_ghi_kwh_m2; heatwave_days,7,screening_selected_for_analysis,annual_standardized_ridge,1.0,76,0.73038717411708,11085.593249335148,hdd_18,0.9861489780125302,-0.11538567048328638,-0.2639413721729987,0.5598127194467393,0.9861489780125302,0.07949421769843239,0.2562098584977786,-0.0011433469207236338,76,0.73038717411708,0.05759131697491444,0.8924621430378513,0.004385917027732754,0.045559715671046275,9.072884552831374e-07,demand_background,0.8924621430378513
per_climate,main,Csb,Los_Angeles,cooling_peak_demand_kw,Cooling peak demand,operational_adequacy,annual_mean_drybulb_c; summer_mean_drybulb_c; cdd_18; hdd_18; maximum_wetbulb_c; annual_ghi_kwh_m2; heatwave_days,7,screening_selected_for_analysis,annual_standardized_ridge,1.0,76,0.7049807797194847,11085.593249335148,maximum_wetbulb_c,0.49754717772719065,0.1057227125222433,0.04637471359055123,0.4272362184869669,0.3248591691701456,0.49754717772719065,-0.1558465011819728,0.21426466083413012,76,0.7049807797194847,0.02152638305201738,0.465263015488235,0.39983211764191245,0.03922864037408011,0.0741498434437551,demand_background,0.465263015488235
per_climate,main,Csb,Los_Angeles,annual_cooling_electricity_kwh,Annual cooling electricity,energy_burden,annual_mean_drybulb_c; summer_mean_drybulb_c; cdd_18; hdd_18; maximum_wetbulb_c; annual_ghi_kwh_m2; heatwave_days,7,screening_selected_for_analysis,annual_standardized_ridge,1.0,76,0.9605858616733546,11085.593249335148,cdd_18,0.3756129586060327,0.2936348597456374,0.09700852253563351,0.3756129586060327,-0.1641934732516539,0.08765522214240026,-0.1431168746354261,0.014695550632614865,76,0.9605858616733546,0.3274415234321327,0.57537987790831,0.02630787200826864,0.07013128849397848,0.0007394381573103085,demand_background,0.57537987790831
per_climate,main,Dfa,Toronto,maximum_delta_t_k,Maximum delta_t,habitability,annual_mean_drybulb_c; summer_mean_drybulb_c; cdd_18; hdd_18; maximum_wetbulb_c; annual_ghi_kwh_m2; heatwave_days,7,screening_selected_for_analysis,annual_standardized_ridge,1.0,76,0.17149773642742194,14836.88871056524,cdd_18,0.3467880016235799,0.13568338886806827,-0.009228036317136628,0.3467880016235799,-0.028593683492377838,-0.1084034106656506,0.11532470214044765,-0.10848097734896546,76,0.17149773642742194,0.10485137192009575,0.6864156941838495,0.06661966101433911,0.07539824005436657,0.06671503282734902,demand_background,0.6864156941838495
per_climate,main,Dfa,Toronto,annual_edh_c_h,Annual EDH,habitability,annual_mean_drybulb_c; summer_mean_drybulb_c; cdd_18; hdd_18; maximum_wetbulb_c; annual_ghi_kwh_m2; heatwave_days,7,screening_selected_for_analysis,annual_standardized_ridge,1.0,76,0.9048926239109784,14836.88871056524,cdd_18,0.8412475030207812,0.22316410261250677,0.02150469415432256,0.8412475030207812,0.06815714404077479,-0.09826694746912054,0.2216088907242987,-0.040033612461999386,76,0.9048926239109784,0.06107663758693123,0.8655682348382613,0.011733490548045416,0.059674207016186503,0.0019474300105756254,demand_background,0.8655682348382613
per_climate,main,Dfa,Toronto,maximum_daily_edh_k_h,Maximum daily EDH,habitability,annual_mean_drybulb_c; summer_mean_drybulb_c; cdd_18; hdd_18; maximum_wetbulb_c; annual_ghi_kwh_m2; heatwave_days,7,screening_selected_for_analysis,annual_standardized_ridge,1.0,76,0.11367260565770965,14836.88871056524,cdd_18,0.4867768792317135,0.16428657790759055,-0.3611284631271495,0.4867768792317135,-0.008624139454054583,0.020855434755700578,0.04092369117430695,-0.054579179101596716,76,0.11367260565770965,0.3939838380570266,0.5932793700822665,0.0010886832990865195,0.004191916881077646,0.0074561916805428756,demand_background,0.5932793700822665
per_climate,main,Dfa,Toronto,daily_edh_exceedance_days,Daily EDH exceedance days,habitability,annual_mean_drybulb_c; summer_mean_drybulb_c; cdd_18; hdd_18; maximum_wetbulb_c; annual_ghi_kwh_m2; heatwave_days,7,screening_selected_for_analysis,annual_standardized_ridge,1.0,76,0.14395380639876487,14836.88871056524,cdd_18,0.7726041198536132,0.18147143796509813,-0.5834147567615929,0.7726041198536132,0.09401562090691053,-0.009649994783955833,0.0013509421303621422,0.07080161265257708,76,0.14395380639876487,0.379309687350329,0.6155003318784728,9.462037806162065e-05,1.8544025392263196e-06,0.00509350599059737,demand_background,0.6155003318784728
per_climate,main,Dfa,Toronto,cooling_setpoint_not_met_occupied_hours,Cooling setpoint not met occupied hours,operational_adequacy,annual_mean_drybulb_c; summer_mean_drybulb_c; cdd_18; hdd_18; maximum_wetbulb_c; annual_ghi_kwh_m2; heatwave_days,7,screening_selected_for_analysis,annual_standardized_ridge,1.0,76,0.7379404365078546,14836.88871056524,cdd_18,0.6648718106831955,0.16808014320324555,-0.18381646858894518,0.6648718106831955,0.06446742083500497,0.27029522622514035,0.04733557060718974,0.12993083438265832,76,0.7379404365078546,0.10332462150810495,0.7431489870261334,0.12167820224430816,0.0037317390472615002,0.028116450174191683,demand_background,0.7431489870261334
per_climate,main,Dfa,Toronto,heating_unmet_hours,Heating unmet hours,operational_adequacy,annual_mean_drybulb_c; summer_mean_drybulb_c; cdd_18; hdd_18; maximum_wetbulb_c; annual_ghi_kwh_m2; heatwave_days,7,screening_selected_for_analysis,annual_standardized_ridge,1.0,76,0.9442515881266602,14836.88871056524,hdd_18,0.7989426087694572,-0.4462696843969043,-0.0720047154052714,0.431518292582756,0.7989426087694572,0.016965236445594126,-0.01746759886821943,-0.001090527058537719,76,0.9442515881266602,0.19849508132778632,0.800927791165723,0.00027958470512116993,0.00029638757666539356,1.1552247040194354e-06,demand_background,0.800927791165723
per_climate,main,Dfa,Toronto,cooling_peak_demand_kw,Cooling peak demand,operational_adequacy,annual_mean_drybulb_c; summer_mean_drybulb_c; cdd_18; hdd_18; maximum_wetbulb_c; annual_ghi_kwh_m2; heatwave_days,7,screening_selected_for_analysis,annual_standardized_ridge,1.0,76,0.7071354255687077,14836.88871056524,maximum_wetbulb_c,0.6960975890214821,-0.07920831861609068,0.3503141616035901,-0.06911904615268295,0.07793307325873154,0.6960975890214821,0.015382790288285467,0.01966622485492662,76,0.7071354255687077,0.20638367434004334,0.017361048650758337,0.7752578842576281,0.0003785961308917305,0.0006187966206785875,humid_heat_stress,0.7752578842576281
per_climate,main,Dfa,Toronto,annual_cooling_electricity_kwh,Annual cooling electricity,energy_burden,annual_mean_drybulb_c; summer_mean_drybulb_c; cdd_18; hdd_18; maximum_wetbulb_c; annual_ghi_kwh_m2; heatwave_days,7,screening_selected_for_analysis,annual_standardized_ridge,1.0,76,0.9731151769769029,14836.88871056524,cdd_18,0.6996666407029856,0.21195076673516858,0.06544144872984217,0.6996666407029856,0.019628527869119915,0.04992786475871119,-0.021405898971191772,0.0039023273416480663,76,0.9731151769769029,0.09077026604264932,0.9037578955173963,0.004598477708401383,0.0008452691951380144,2.8091536415172683e-05,demand_background,0.9037578955173963
per_climate,main,Dfb,Montreal,maximum_delta_t_k,Maximum delta_t,habitability,annual_mean_drybulb_c; summer_mean_drybulb_c; cdd_18; hdd_18; maximum_wetbulb_c; annual_ghi_kwh_m2; heatwave_days,7,screening_selected_for_analysis,annual_standardized_ridge,1.0,76,0.21537015078167565,11706.250410690269,summer_mean_drybulb_c,0.46399882323212915,0.0123605312459931,0.46399882323212915,0.12148456616894922,0.0294433804542869,-0.16433375814326298,0.03580778458749245,,76,0.21537015078167565,0.8306869055102163,0.06024583271283799,0.10412358093349057,0.004943680843455223,0.0,thermal_shift,0.8306869055102163
per_climate,main,Dfb,Montreal,annual_edh_c_h,Annual EDH,habitability,annual_mean_drybulb_c; summer_mean_drybulb_c; cdd_18; hdd_18; maximum_wetbulb_c; annual_ghi_kwh_m2; heatwave_days,7,screening_selected_for_analysis,annual_standardized_ridge,1.0,76,0.893831416162253,11706.250410690269,cdd_18,0.6826497790052373,0.21880543516868342,0.15116959455074241,0.6826497790052373,-0.026713903450712326,-0.1412240258025344,0.12069703388563938,,76,0.893831416162253,0.1236581552879852,0.8160024278039869,0.034869696171123794,0.02546972073690426,0.0,demand_background,0.8160024278039869
per_climate,main,Dfb,Montreal,maximum_daily_edh_k_h,Maximum daily EDH,habitability,annual_mean_drybulb_c; summer_mean_drybulb_c; cdd_18; hdd_18; maximum_wetbulb_c; annual_ghi_kwh_m2; heatwave_days,7,screening_selected_for_analysis,annual_standardized_ridge,1.0,76,0.03800303039048425,11706.250410690269,cdd_18,0.21129007876353362,0.10956871529913635,-0.1907691319703941,0.21129007876353362,-0.06569046240594235,-0.03486471222551701,0.0022399433050745467,,76,0.03800303039048425,0.49096581222841995,0.49665239740245753,0.012330892874255157,5.08974948673553e-05,0.0,demand_background,0.49665239740245753
per_climate,main,Dfb,Montreal,daily_edh_exceedance_days,Daily EDH exceedance days,habitability,annual_mean_drybulb_c; summer_mean_drybulb_c; cdd_18; hdd_18; maximum_wetbulb_c; annual_ghi_kwh_m2; heatwave_days,7,screening_selected_for_analysis,annual_standardized_ridge,1.0,76,0.11427100751895847,11706.250410690269,maximum_wetbulb_c,0.15074160779077944,0.08425989692405214,0.0017525159102304785,0.040460519013906585,-0.09711266964721102,0.15074160779077944,-0.008959321357721714,,76,0.11427100751895847,0.17334887425418563,0.2701204855565626,0.5545716079905996,0.001959032198652078,0.0,humid_heat_stress,0.5545716079905996
per_climate,main,Dfb,Montreal,cooling_setpoint_not_met_occupied_hours,Cooling setpoint not met occupied hours,operational_adequacy,annual_mean_drybulb_c; summer_mean_drybulb_c; cdd_18; hdd_18; maximum_wetbulb_c; annual_ghi_kwh_m2; heatwave_days,7,screening_selected_for_analysis,annual_standardized_ridge,1.0,76,0.6892540093771522,11706.250410690269,cdd_18,0.632094411339346,0.14825742790522473,-0.14327377605800654,0.632094411339346,0.04771042080785199,0.2892690129211421,0.0519997318459224,,76,0.6892540093771522,0.08009612748113897,0.757139101624056,0.15766974101705258,0.00509502987775245,0.0,demand_background,0.757139101624056
per_climate,main,Dfb,Montreal,heating_unmet_hours,Heating unmet hours,operational_adequacy,annual_mean_drybulb_c; summer_mean_drybulb_c; cdd_18; hdd_18; maximum_wetbulb_c; annual_ghi_kwh_m2; heatwave_days,7,screening_selected_for_analysis,annual_standardized_ridge,1.0,76,0.951345588229161,11706.250410690269,hdd_18,0.7137568781365268,-0.45303440234226544,-0.00010832214315651926,0.3071411800844145,0.7137568781365268,-0.06796067043969234,-0.003905911464061258,,76,0.951345588229161,0.2522435850782237,0.7420612641070377,0.005676400760426139,1.8750054312625637e-05,0.0,demand_background,0.7420612641070377
per_climate,main,Dfb,Montreal,cooling_peak_demand_kw,Cooling peak demand,operational_adequacy,annual_mean_drybulb_c; summer_mean_drybulb_c; cdd_18; hdd_18; maximum_wetbulb_c; annual_ghi_kwh_m2; heatwave_days,7,screening_selected_for_analysis,annual_standardized_ridge,1.0,76,0.621983013451046,11706.250410690269,maximum_wetbulb_c,0.6420774618461589,-0.08023380348146437,0.5298598187279586,-0.327463915274303,-0.019911083776346258,0.6420774618461589,-0.022828290557555166,,76,0.621983013451046,0.35560671361803803,0.13326984456798888,0.5104781604857559,0.0006452813282171893,0.0,humid_heat_stress,0.5104781604857559
per_climate,main,Dfb,Montreal,annual_cooling_electricity_kwh,Annual cooling electricity,energy_burden,annual_mean_drybulb_c; summer_mean_drybulb_c; cdd_18; hdd_18; maximum_wetbulb_c; annual_ghi_kwh_m2; heatwave_days,7,screening_selected_for_analysis,annual_standardized_ridge,1.0,76,0.9786750681913315,11706.250410690269,cdd_18,0.7176736030328144,0.18809435222508772,0.13538858685726532,0.7176736030328144,0.026590323986166817,-0.021776615077003215,-0.01198827319095415,,76,0.9786750681913315,0.0942124233325477,0.9047036430375724,0.0008318353486272597,0.00025209828125245543,0.0,demand_background,0.9047036430375724
