climate_type,role,family,subfamily,metric,label,unit,analysis_tier,source_column,optional,threshold,threshold_direction,threshold_standard,failure_relevant,interpretation,coverage_pct,baseline_value_median,mean_abs_absolute_change,mean_abs_log_ratio_change,mean_abs_standardized_change,mean_abs_temporal_slope,mean_abs_temporal_acceleration,mean_volatility_change,maximum_jump,breach_frequency_pct,failure_probability_pct,relative_stress_percentile,relative_stress_threshold,relative_stress_frequency_pct,relative_stress_use,break_year_count,sustained_failure_year_count,climate_discrimination_score,driver_response_n,driver_response_r2,driver_response_condition_number,driver_response_dominant_driver,driver_response_dominant_abs_beta,driver_response_beta_annual_mean_drybulb_c,driver_response_beta_cdd_18,driver_response_beta_hdd_18,driver_response_beta_maximum_wetbulb_c,driver_response_beta_annual_ghi_kwh_m2,driver_response_beta_heatwave_days,redundancy_max_abs_r,redundancy_scope,redundancy_flag,screening_weight_set,screening_normalization_group,screening_rank_within_role,screening_top_k,screening_review_k,screening_component_coverage,screening_component_slope,screening_component_breach,screening_component_discrimination,screening_component_volatility,screening_component_uniqueness,screening_decision_raw,screening_score,keep_drop_decision,screening_selected_for_analysis,retention_rule
Am,driver,climate_drivers,thermal_shift,annual_mean_drybulb_c,Annual mean dry-bulb temperature,C,main,outdoor_drybulb_c_mean,False,,,,False,,100.0,22.04367860851512,6.421018880070047,0.25563875848972745,5.872032050818215,0.04524312948083005,0.003279640411742153,0.575994475934482,3.744072533037457,,,90.0,28.272315924657665,10.526315789473685,auxiliary_screening_only,0,0,,,,,,,,,,,,,0.871909211058425,same_subfamily,No,base,driver,3,5,3,1.0,0.00016606844976178674,0.9839638071500142,0.0,0.9981484457070557,0.07759875524221393,Keep,0.44472806180987234,Keep,Yes,Driver block representative retained for thermal_shift
Am,driver,climate_drivers,thermal_shift,summer_mean_drybulb_c,Summer mean dry-bulb temperature,C,main,summer_mean_drybulb_c,False,,,,False,,100.0,29.2676,2.6747999999999976,0.08745317872804097,2.7436442250864905,0.04281764319890636,0.00020096728307254726,0.33836309950111326,1.0373000000000019,,,90.0,31.94185,10.526315789473685,auxiliary_screening_only,0,0,,,,,,,,,,,,,0.871909211058425,same_subfamily,No,base,driver,4,5,3,1.0,0.0,0.3659274839249336,0.0,1.0,0.07759875524221393,Keep,0.3336268226307095,Keep,Yes,
Am,driver,climate_drivers,demand_background,cdd_18,Cooling degree days,degree-days,main,cdd_18,False,,,,False,,100.0,2882.73,948.5900000000001,0.2844716295095914,2.8183129015275035,14.64815830485304,0.23271180654338577,128.67992852856102,325.2600000000002,,,90.0,3763.94,10.526315789473685,auxiliary_screening_only,0,0,,,,,,,,,,,,,0.6272244188821819,same_subfamily,No,base,driver,2,5,3,1.0,1.0,0.3806788372795622,0.0,0.0,0.33645317954940623,Keep,0.5021675086652618,Keep,Yes,Driver block representative retained for demand_background
Am,driver,climate_drivers,demand_background,hdd_18,Heating degree days,degree-days,main,hdd_18,False,,,,False,,100.0,51.5,39.78,1.4802850235208238,2.107886900401259,0.47601708817498284,0.003213371266002843,23.321753532699898,67.64,,,90.0,55.995000000000005,10.526315789473685,auxiliary_screening_only,0,0,,,,,,,,,,,,,0.6272244188821819,same_subfamily,No,base,driver,5,5,3,1.0,0.029660345144391472,0.2403288876831232,0.0,0.8209201332681053,0.33645317954940623,Keep,0.3261150138993673,Keep,Yes,Driver block representative retained for demand_background
Am,driver,climate_drivers,humid_heat_stress,maximum_wetbulb_c,Maximum wet-bulb temperature,C,main,outdoor_wetbulb_c_max,False,,,,False,,100.0,23.824512887977384,6.809031317101109,0.2513806204888933,5.953204351859026,0.043176809802804056,0.004644931497479578,0.8584372258737155,5.1596625606095365,,,90.0,30.63025341518224,10.526315789473685,auxiliary_screening_only,0,0,,,,,,,,,,,,,0.0,same_subfamily,No,base,driver,1,5,3,1.0,2.4591456797764225e-05,1.0,0.0,0.9959477342774031,1.0,Keep,0.5396006753773718,Keep,Yes,Driver block representative retained for humid_heat_stress
Am,driver,climate_drivers,solar_burden,annual_ghi_kwh_m2,Annual GHI,kWh/m2,main,annual_ghi_kwh_m2,False,,,,False,,100.0,1943.63,82.18000000000006,0.04320160479443158,1.7063051917902,0.21882529049897512,0.021401137980085503,67.04897235450784,185.15999999999985,,,90.0,1954.505,10.526315789473685,auxiliary_screening_only,0,0,,,,,,,,,,,,,0.2236176426490429,same_subfamily,No,base,driver,6,5,3,1.0,0.01205091010045191,0.16099342913703552,0.0,0.48021041326723835,0.763432718322943,Review,0.316235348827793,Keep,Yes,Driver block representative retained for solar_burden
Am,driver,climate_drivers,solar_burden,peak_ghi_w_m2,Peak GHI,W/m2,main,peak_ghi_w_m2,False,,,,False,,100.0,1234.8,45.09999999999991,0.03720783914552387,0.8913856396400546,0.29831305536568653,0.051027027027027036,74.36925259511189,215.29999999999995,,,90.0,1310.15,10.526315789473685,auxiliary_screening_only,0,0,,,,,,,,,,,,,0.2236176426490429,same_subfamily,No,base,driver,9,5,3,1.0,0.01749328674253901,0.0,0.0,0.4231729272732695,0.763432718322943,Drop,0.2828589533778306,Drop,No,
Am,driver,climate_drivers,persistence_heatwave,heatwave_days,Heatwave days,days,main,heatwave_days,False,,,,False,,100.0,0.0,14.0,,1.6360887875456809,0.21950786056049212,0.0074822190611664235,6.7974374256447225,29.0,,,90.0,13.5,10.526315789473685,auxiliary_screening_only,0,0,,,,,,,,,,,,,0.9452602281422335,same_subfamily,Yes,base,driver,8,5,3,1.0,0.01209764437918798,0.14712165532676053,0.0,0.9496727790053814,0.0,Review,0.28435261051036015,Review,No,
Am,driver,climate_drivers,persistence_heatwave,maximum_consecutive_hot_days,Maximum consecutive hot days,days,main,max_consec_hot_days_35c,False,,,,False,,100.0,0.0,7.0,,1.911506104650881,0.10221462747778536,0.003726884779516357,3.192379815887967,20.0,,,90.0,6.0,5.2631578947368425,auxiliary_screening_only,0,0,,,,,,,,,,,,,0.9452602281422335,same_subfamily,Yes,base,driver,7,5,3,1.0,0.004066798964492758,0.2015323983350703,0.0,0.9777623351651855,0.0,Review,0.29502809696830945,Keep,Yes,Driver block representative retained for persistence_heatwave
Am,response,building_responses,habitability,peak_operative_temperature_c,Peak operative temperature,C,main,rep_zone_operative_temp_c_max,False,,,,False,,100.0,26.93723788459444,0.028834110608936925,0.0010709915408895077,0.3378639248176478,4.5568975223466125e-05,0.00011064658636662847,0.12027498124363602,0.2955100063250704,,,90.0,26.938675304197687,10.526315789473685,auxiliary_screening_only,0,0,,76,0.14062518774039667,9.144430999490512,heatwave_days,0.3196434872759929,0.0036865809457012756,0.23804068967661748,-0.1954811659720695,-0.21913229556037878,0.005956679347180612,-0.3196434872759929,0.9999999495016619,same_subfamily,Yes,base,response,7,6,4,1.0,0.0,0.003423687771485498,0.0,1.0,0.0,Review,0.2606162637988674,Review,No,
Am,response,building_responses,habitability,maximum_delta_t_k,Maximum delta_t,K,main,delta_t_max_k,False,,,,False,,100.0,0.9372,0.028800000000000048,0.031211896402237208,0.3374683781422923,4.56842105263158e-05,0.00011060028449502134,0.1202765203354337,0.2955,,,90.0,0.9387,10.526315789473685,auxiliary_screening_only,0,0,,76,0.1406092711347181,9.144430999490512,heatwave_days,0.3196425694410065,0.00374906764320743,0.2379022183110976,-0.1954929104225687,-0.2190839919841558,0.005936680775914168,-0.3196425694410065,0.9999999495016619,same_subfamily,Yes,base,response,8,6,4,1.0,1.0084060233287849e-10,0.0034196795651752284,0.0,0.999999999831864,0.0,Review,0.2606155423291197,Review,No,
Am,response,building_responses,habitability,annual_edh_c_h,Annual EDH,C h,main,annual_edh_c_h,False,300.0,above,EN 16798-1 derived transition screen,True,Severe annual exceedance degree-hour burden above adaptive comfort threshold,100.0,90.0249,430.16020000000003,1.7540984110428894,6.91253741005356,0.9195978099794945,0.4516306571834992,70.01471792314904,453.11120000000005,98.6842105263158,98.6842105263158,,,,,1,1,,76,0.8193908139749828,9.144430999490512,annual_mean_drybulb_c,1.8712424450774954,1.8712424450774954,-1.1762600954990534,-0.1452654026012757,-0.1557102784845051,0.12801572971621844,-0.2648777741948706,0.0840122532654778,same_subfamily,No,base,response,1,6,4,1.0,0.0008046857132000859,1.0,0.0,0.9923644800602173,0.9159877424920428,Keep,0.531028346826394,Keep,Yes,
Am,response,building_responses,habitability,maximum_daily_edh_k_h,Maximum daily EDH,K h,main,daily_edh_max_k_h,False,12.0,above,CIBSE TM52-derived transition screen,True,Severe maximum daily exceedance degree-hour burden,100.0,6.3944,0.8285,0.13876391061086754,0.4472682014623324,0.00779273000683527,0.0029905547652916056,2.6495795663127804,6.694300000000001,0.0,0.0,,,,,0,0,,76,0.04764051973397465,9.144430999490512,maximum_wetbulb_c,0.25584557352637505,-0.14397317180674737,-0.1460424883889724,-0.05309853181333188,0.25584557352637505,-0.06213072428935923,-0.1352567364958842,0.6071945836141958,same_subfamily,No,base,response,5,6,4,1.0,6.779418854104562e-06,0.0,0.0,0.9997236896843268,0.39280538572348533,Keep,0.2992545346013062,Keep,Yes,
Am,response,building_responses,habitability,daily_edh_exceedance_days,Daily EDH exceedance days,days,main,daily_edh_exceed_6kh_count,False,15.0,above,TM52-derived transition screen,True,Annual count of days with severe daily EDH exceedance,100.0,1.0,1.0,,1.607588269658226,0.006794258373205743,0.0007681365576102423,0.8562450324267906,2.0,0.0,0.0,,,,,0,0,,76,0.07547063061810722,9.144430999490512,cdd_18,0.2376374166224979,0.17174900838163884,-0.2376374166224979,-0.0068734126519573256,-0.20011565898556985,-0.12933638968414504,0.003956066873557032,0.6071945836141958,same_subfamily,No,base,response,4,6,4,1.0,5.905672020819972e-06,0.0,0.0,0.9999195999887207,0.39280538572348533,Keep,0.29927391593250563,Keep,Yes,
Am,response,building_responses,operational_adequacy,cooling_setpoint_not_met_occupied_hours,Cooling setpoint not met occupied hours,h,main,facility_cooling_setpoint_not_met_occupied_time_total_hours,False,500.0,above,ASHRAE 90.1-derived transition screen,True,Severe occupied cooling unmet load hours,100.0,206.16666666666367,1457.0000000002005,2.0877937914919578,5.340824584104142,11.514937343362211,0.6038786154573859,131.48574416461858,777.3333333332523,98.6842105263158,98.6842105263158,,,,,1,1,,76,0.9866594440442706,9.144430999490512,annual_mean_drybulb_c,0.6941744405932597,0.6941744405932597,0.25633434327960525,0.030068354771339,0.07747786332047316,0.0690245325732522,0.008934121414646522,0.8400293892814042,same_subfamily,No,base,response,2,6,4,1.0,0.010076500808453098,1.0,0.0,0.9856491644095041,0.15997056829850553,Keep,0.4569803334648297,Keep,Yes,Core operational adequacy trigger
Am,response,building_responses,operational_adequacy,heating_unmet_hours,Heating unmet hours,h,main,abups_occupied_heating_not_met_hours,False,400.0,above,ASHRAE 90.1-derived transition screen,True,Severe occupied heating unmet load hours; cold-climate operational adequacy trigger,98.6842105263158,3.0,1.83,0.9416085398584451,0.6832377744674988,0.04925348506401137,0.0026492410218437613,3.5239659104146837,8.33,0.0,0.0,,,,,0,0,,75,0.765694956995884,12208.246389150736,hdd_18,0.9223092173087454,0.02879514559933142,0.08033205933828795,0.9223092173087454,-0.010306927452021374,0.0035176683503297533,0.0011534303220082085,0.7687698948453512,same_subfamily,No,base,response,11,6,4,0.0,4.306107395241763e-05,0.0,0.0,0.9996281685801525,0.23123006633304477,Drop,0.12309615814906831,Keep,Yes,Standard-threshold cold-climate operational adequacy trigger
Am,response,building_responses,operational_adequacy,cooling_peak_demand_kw,Cooling peak demand,kW,main,cooling_electricity_peak_kw,False,,,,False,Operational peak demand diagnostic,98.6842105263158,89.49057,9.76227999999999,0.10353737791902702,1.777693988477899,0.2262392918918919,0.0037534237689744523,3.7510998077577558,11.280819999999991,,,90.0,99.811534,10.666666666666666,auxiliary_screening_only,0,0,,75,0.8753701428610903,12208.246389150736,maximum_wetbulb_c,0.6900130312195355,0.15155785192660834,0.1626285036336943,0.1140702807222453,0.6900130312195355,-0.070649268197875,0.009585144486312591,0.8400293892814042,same_subfamily,No,base,response,12,6,4,0.0,0.0001979385717637945,0.018013965749909377,0.0,0.9996033556575628,0.15997056829850553,Drop,0.11924741148781384,Priority Review,Yes,Peak demand is core operational adequacy evidence
Am,response,building_responses,operational_adequacy,heating_peak_demand_kw,Heating peak demand,kW,main,heating_electricity_peak_kw,False,,,,False,Heating peak demand diagnostic; cold-climate supplementary adequacy,98.6842105263158,20.99627,8.09666,0.48714772454719885,0.8629580704525006,0.13754923783783785,0.005432440429470564,12.310201065580056,39.268119999999996,,,90.0,28.667148000000005,10.666666666666666,auxiliary_screening_only,0,0,,75,0.5845205846801507,12208.246389150736,hdd_18,0.808768589208638,0.08588126563943639,0.13368165454185021,0.808768589208638,-0.15710143521956849,-0.05420193176356921,0.00805324195399033,0.7687698948453512,same_subfamily,No,base,response,10,6,4,0.0,0.00012032729943162346,0.008744641780585339,0.0,0.9986683287001974,0.23123006633304477,Review,0.12459275357569317,Review,No,Cold-climate peak demand supplementary diagnostic
Am,response,building_responses,energy_burden,annual_cooling_electricity_kwh,Annual cooling electricity,kWh,supporting,cooling_electricity_annual_kwh,False,,,,False,,98.6842105263158,220586.1111111288,68969.44444444994,0.27205903511632534,2.6779424200118216,1142.74711553668,19.53560409724955,9153.975348784377,27483.333333335497,,,90.0,285375.5555555784,10.666666666666666,auxiliary_screening_only,0,0,,75,0.9950766580104244,12208.246389150736,cdd_18,0.4815773384927832,0.46125526817749285,0.4815773384927832,0.06898627427123011,0.0846715251473064,0.010172866353792054,0.031226958047970984,0.567478577864868,same_subfamily,No,base,response,6,6,4,0.0,1.0,0.027136483189453123,0.0,0.0,0.43252139347840546,Keep,0.2881367063219421,Keep,Yes,
Am,response,building_responses,energy_burden,annual_heating_electricity_kwh,Annual heating electricity,kWh,supporting,heating_electricity_annual_kwh,False,,,,False,,98.6842105263158,158.333333333346,116.666666666676,1.3350010667323402,1.3094384473561491,2.109056424846067,0.08457772841335169,114.45246287499513,308.33333333335804,,,90.0,266.1111111111326,10.666666666666666,auxiliary_screening_only,0,0,,75,0.9462203982682943,12208.246389150736,hdd_18,0.9412848084953076,-0.045534079678903515,0.005801196700276258,0.9412848084953076,0.0337054192996617,-0.06643115094552413,-0.02963332184941609,0.567478577864868,same_subfamily,No,base,response,9,6,4,0.0,0.0018455622519604853,0.01326897626654231,0.0,0.98750994122455,0.43252139347840546,Review,0.1448344841387437,Review,No,
Am,response,building_responses,durability,indoor_rh_max_pct,Indoor RH max,%,supplementary,rep_zone_rh_pct_max,False,,,,False,Bulk zone RH diagnostic; not a full moisture-risk model,100.0,50.92491298093829,1.5059745863416367,0.029143621713665788,1.377444214338081,0.020302631095647176,0.0005654817328654563,1.3485761771534521,6.300746742574226,,,90.0,52.448354197047976,10.526315789473685,auxiliary_screening_only,0,0,,76,0.3556985172894481,9.144430999490512,maximum_wetbulb_c,0.43416439317525185,-0.4237675446510643,0.3127822988523385,0.1631285359544529,0.43416439317525185,-0.05822798704434891,0.3780037719632395,0.0,same_subfamily,No,base,response,3,6,4,1.0,1.77266366747247e-05,0.01395810137195922,0.0,0.9998658159664965,1.0,Keep,0.36250329423640426,Supplementary,No,Supplementary only; current data are not sufficient for main durability analysis
BWh,driver,climate_drivers,thermal_shift,annual_mean_drybulb_c,Annual mean dry-bulb temperature,C,main,outdoor_drybulb_c_mean,False,,,,False,,100.0,25.09520738203949,4.585328196346676,0.16781457627865104,3.1769599826101604,0.058999761883955185,0.0011605594419215235,0.8893268546499216,2.0369206621001723,,,90.0,28.679108637747568,10.526315789473685,auxiliary_screening_only,0,0,,,,,,,,,,,,,0.8590799245581918,same_subfamily,No,base,driver,4,5,3,1.0,0.0034728542953417316,0.9440452936435538,0.0,0.9964788158118227,0.007573669409586703,Keep,0.43116688640886264,Keep,Yes,Driver block representative retained for thermal_shift
BWh,driver,climate_drivers,thermal_shift,summer_mean_drybulb_c,Summer mean dry-bulb temperature,C,main,summer_mean_drybulb_c,False,,,,False,,100.0,35.6494,3.2028999999999996,0.08603496069634202,2.0468771155105343,0.05850079835953522,0.0004920682788051208,1.233937005511852,3.254399999999997,,,90.0,39.303250000000006,10.526315789473685,auxiliary_screening_only,0,0,,,,,,,,,,,,,0.8590799245581918,same_subfamily,No,base,driver,6,5,3,1.0,0.003443484217163976,0.5701571722048275,0.0,0.9951143727974733,0.007573669409586703,Review,0.3637235314296943,Review,No,
BWh,driver,climate_drivers,demand_background,cdd_18,Cooling degree days,degree-days,main,cdd_18,False,,,,False,,100.0,3069.25,1350.1800000000003,0.36457749641881415,3.235234135280646,16.988838824333563,0.3771078236130873,252.56470753104054,611.0799999999999,,,90.0,4155.549999999999,10.526315789473685,auxiliary_screening_only,0,0,,,,,,,,,,,,,0.865635965187571,same_subfamily,No,base,driver,1,5,3,1.0,1.0,0.963325307618388,0.0,0.0,0.0,Keep,0.5733985553713098,Keep,Yes,Driver block representative retained for demand_background
BWh,driver,climate_drivers,demand_background,hdd_18,Heating degree days,degree-days,main,hdd_18,False,,,,False,,100.0,479.37,323.22,1.1216556580903192,2.6419653016627347,4.545963362952836,0.046533143669985705,101.42818382073759,301.46,,,90.0,505.775,10.526315789473685,auxiliary_screening_only,0,0,,,,,,,,,,,,,0.865635965187571,same_subfamily,No,base,driver,5,5,3,1.0,0.267585289963522,0.7670422064694965,0.0,0.5984071376707614,0.0,Keep,0.42212878052283076,Keep,Yes,Driver block representative retained for demand_background
BWh,driver,climate_drivers,humid_heat_stress,maximum_wetbulb_c,Maximum wet-bulb temperature,C,main,outdoor_wetbulb_c_max,False,,,,False,,100.0,26.32476457543282,1.9174760632203771,0.07030863722953744,2.1255794426929504,0.02777123179685855,3.803404617324872e-05,0.9708016109009822,2.346491463600252,,,90.0,28.435089362881044,10.526315789473685,auxiliary_screening_only,0,0,,,,,,,,,,,,,0.0,same_subfamily,No,base,driver,3,5,3,1.0,0.0016346750995766162,0.5961958514201062,0.0,0.9961562261790607,1.0,Keep,0.4673231978974236,Keep,Yes,Driver block representative retained for humid_heat_stress
BWh,driver,climate_drivers,solar_burden,annual_ghi_kwh_m2,Annual GHI,kWh/m2,main,annual_ghi_kwh_m2,False,,,,False,,100.0,0.0,0.0,,,0.0,0.0,0.0,0.0,,,90.0,0.0,0.0,auxiliary_screening_only,0,0,,,,,,,,,,,,,0.0,same_subfamily,No,base,driver,7,5,3,1.0,0.0,0.0,0.0,1.0,1.0,Review,0.36,Keep,Yes,Driver block representative retained for solar_burden
BWh,driver,climate_drivers,solar_burden,peak_ghi_w_m2,Peak GHI,W/m2,main,peak_ghi_w_m2,False,,,,False,,100.0,0.0,0.0,,,0.0,0.0,0.0,0.0,,,90.0,0.0,0.0,auxiliary_screening_only,0,0,,,,,,,,,,,,,0.0,same_subfamily,No,base,driver,8,5,3,1.0,0.0,0.0,0.0,1.0,1.0,Review,0.36,Review,No,
BWh,driver,climate_drivers,persistence_heatwave,heatwave_days,Heatwave days,days,main,heatwave_days,False,,,,False,,100.0,135.0,53.0,0.33116718439151976,3.346083983510984,0.541038961038961,0.011578947368421057,15.066761061651201,38.0,,,90.0,176.0,9.210526315789474,auxiliary_screening_only,0,0,,,,,,,,,,,,,0.4016122774987495,same_subfamily,No,base,driver,2,5,3,1.0,0.03184672988150412,1.0,0.0,0.940344946810118,0.5360494553715478,Keep,0.4952826553897276,Keep,Yes,Driver block representative retained for persistence_heatwave
BWh,driver,climate_drivers,persistence_heatwave,maximum_consecutive_hot_days,Maximum consecutive hot days,days,main,max_consec_hot_days_35c,False,,,,False,,100.0,75.0,10.0,0.125163142954006,0.3235678823012083,0.711825017088175,0.04432432432432436,38.41920815888265,120.0,,,90.0,139.0,7.894736842105263,auxiliary_screening_only,0,0,,,,,,,,,,,,,0.4016122774987495,same_subfamily,No,base,driver,9,5,3,1.0,0.04189956856077823,0.0,0.0,0.8478837026184236,0.5360494553715478,Drop,0.3084492122535839,Drop,No,
BWh,response,building_responses,habitability,peak_operative_temperature_c,Peak operative temperature,C,main,rep_zone_operative_temp_c_max,False,,,,False,,100.0,27.0109497484852,0.04779753442861434,0.0017711289372244188,2.2474721334861214,0.0001516610078946036,2.1881500452691067e-05,0.0319603557842003,0.09458382220575601,,,90.0,27.004594926225987,10.526315789473685,auxiliary_screening_only,0,0,,76,0.05453630306871693,16607.00514118503,hdd_18,0.3232338291284154,-0.1766906573487266,-0.31614470149339463,-0.3232338291284154,-0.0958271706767601,,0.1334646762295537,0.9999990387819304,same_subfamily,Yes,base,response,11,6,4,1.0,1.2879284494897064e-10,0.022474721334861215,0.0,0.999999999891172,0.0,Drop,0.26404544986030254,Drop,No,
BWh,response,building_responses,habitability,maximum_delta_t_k,Maximum delta_t,K,main,delta_t_max_k,False,,,,False,,100.0,1.0109,0.047699999999999965,0.04833522760545528,2.2429498628864093,0.00015157211209842792,2.1874822190611527e-05,0.031959310130226515,0.09460000000000002,,,90.0,1.00455,10.526315789473685,auxiliary_screening_only,0,0,,76,0.05454058099339043,16607.00514118503,hdd_18,0.32324458178780396,-0.17669548053250797,-0.31615458294606397,-0.32324458178780396,-0.09578018927667642,,0.13339669400074025,0.9999990387819304,same_subfamily,Yes,base,response,12,6,4,1.0,0.0,0.022429498628864092,0.0,1.0,0.0,Drop,0.2640373097531955,Drop,No,
BWh,response,building_responses,habitability,annual_edh_c_h,Annual EDH,C h,main,annual_edh_c_h,False,300.0,above,EN 16798-1 derived transition screen,True,Severe annual exceedance degree-hour burden above adaptive comfort threshold,100.0,290.9255,8.84190000000001,0.030863739743626797,0.1756747524123731,1.0776326807928913,0.036558748221906155,68.19043679183517,170.99429999999998,50.0,50.0,,,,,1,1,,76,0.5058581294025858,16607.00514118503,cdd_18,1.009738109883258,-0.6574900576817673,-1.009738109883258,-0.6213356393903494,-0.17869077561601446,,0.8886006157493119,0.8707588626333904,same_subfamily,No,base,response,3,6,4,1.0,0.001561062089949855,0.5,0.0,0.9929063059405085,0.12924030037665202,Keep,0.362589315533304,Keep,Yes,
BWh,response,building_responses,habitability,maximum_daily_edh_k_h,Maximum daily EDH,K h,main,daily_edh_max_k_h,False,12.0,above,CIBSE TM52-derived transition screen,True,Severe maximum daily exceedance degree-hour burden,100.0,13.6991,0.26280000000000037,0.01937013767090431,0.17344319111515644,0.020133029391660975,0.004177743954480798,2.0917033505695786,5.2044000000000015,100.0,100.0,,,,,1,1,,76,0.10201502737168888,16607.00514118503,cdd_18,0.32451624643836596,-0.2160730381634481,-0.32451624643836596,-0.18237443531191586,-0.07538436696418394,,0.15354174210780003,0.4811992019859835,same_subfamily,No,base,response,1,6,4,1.0,2.894927364366299e-05,1.0,0.0,0.999785629101418,0.5188003354762039,Keep,0.49186554428343665,Keep,Yes,
BWh,response,building_responses,habitability,daily_edh_exceedance_days,Daily EDH exceedance days,days,main,daily_edh_exceed_6kh_count,False,15.0,above,TM52-derived transition screen,True,Annual count of days with severe daily EDH exceedance,100.0,16.0,0.0,0.0,0.0,0.05417634996582365,0.002702702702702703,4.115013163202924,9.0,38.1578947368421,38.1578947368421,,,,,1,0,,76,0.47321551179420285,16607.00514118503,cdd_18,0.9755093112897689,-0.641990767136177,-0.9755093112897689,-0.5688865734600307,-0.17075381749024066,,0.9272168880056902,0.8707588626333904,same_subfamily,No,base,response,5,6,4,1.0,7.827147218262529e-05,0.381578947368421,0.0,0.9995750501488255,0.12924030037665202,Keep,0.34158453073218736,Keep,Yes,
BWh,response,building_responses,operational_adequacy,cooling_setpoint_not_met_occupied_hours,Cooling setpoint not met occupied hours,h,main,facility_cooling_setpoint_not_met_occupied_time_total_hours,False,500.0,above,ASHRAE 90.1-derived transition screen,True,Severe occupied cooling unmet load hours,100.0,44.49999999999991,150.16666666666444,1.4757995049879131,2.6967974299714004,2.215046707678272,0.047349454717873496,36.213190694094386,95.16666666666126,0.0,0.0,,,,,0,0,,76,0.9231941243529447,16607.00514118503,cdd_18,0.9001201989061998,0.6177428868769674,0.9001201989061998,0.4149297225345041,0.04776092213318951,,-0.29669132982922686,0.8687606103524367,same_subfamily,No,base,response,10,6,4,1.0,0.0032089554067263187,0.0,0.0,0.9962343849860437,0.13123855457836386,Review,0.2735174432540551,Keep,Yes,Core operational adequacy trigger
BWh,response,building_responses,operational_adequacy,heating_unmet_hours,Heating unmet hours,h,main,abups_occupied_heating_not_met_hours,False,400.0,above,ASHRAE 90.1-derived transition screen,True,Severe occupied heating unmet load hours; cold-climate operational adequacy trigger,100.0,23.83,23.83,,2.364978966127825,0.2984299384825701,0.006568705547652918,10.978942338049789,27.33,0.0,0.0,,,,,0,0,,76,0.6086104006026678,16607.00514118503,hdd_18,0.9344024096274347,0.03202761435080939,0.3162663069939203,0.9344024096274347,-0.010977353467315546,,-0.1561298479654173,0.5706435640594888,same_subfamily,No,base,response,7,6,4,1.0,0.0004321477622593397,0.0,0.0,0.9988606765974878,0.42935588742707886,Review,0.3029253718653989,Keep,Yes,Standard-threshold cold-climate operational adequacy trigger
BWh,response,building_responses,operational_adequacy,cooling_peak_demand_kw,Cooling peak demand,kW,main,cooling_electricity_peak_kw,False,,,,False,Operational peak demand diagnostic,100.0,78.0142,6.708219999999997,0.08248940416653262,0.7739994231272395,0.29814491182501707,0.0036647943100995735,8.15640423235121,19.137169999999998,,,90.0,91.26828499999999,10.526315789473685,auxiliary_screening_only,0,0,,76,0.7079591212147005,16607.00514118503,cdd_18,0.6881944356463102,0.488405848785287,0.6881944356463102,0.24663763092961177,0.14866374402415147,,-0.27414989965295844,0.8687606103524367,same_subfamily,No,base,response,9,6,4,1.0,0.00043173481366456023,0.0077399942312723945,0.0,0.9991544364133296,0.13123855457836386,Review,0.2745361144160779,Priority Review,Yes,Peak demand is core operational adequacy evidence
BWh,response,building_responses,operational_adequacy,heating_peak_demand_kw,Heating peak demand,kW,main,heating_electricity_peak_kw,False,,,,False,Heating peak demand diagnostic; cold-climate supplementary adequacy,100.0,223.67784,142.96578,1.019318795856774,2.681200763097218,1.332359395215311,0.07655171891891897,67.58882692629203,157.78735,,,90.0,192.201605,10.526315789473685,auxiliary_screening_only,0,0,,76,0.3245017326285138,16607.00514118503,hdd_18,0.3424968268501756,-0.05596521638246968,0.03756768029031052,0.3424968268501756,-0.26238922358169087,,-0.007260959518178799,0.5706435640594888,same_subfamily,No,base,response,6,6,4,1.0,0.0019301119173469922,0.02681200763097218,0.0,0.9929689193744791,0.42935588742707886,Keep,0.3075218689138941,Keep,Yes,Cold-climate peak demand supplementary diagnostic
BWh,response,building_responses,energy_burden,annual_cooling_electricity_kwh,Annual cooling electricity,kWh,supporting,cooling_electricity_annual_kwh,False,,,,False,,100.0,92252.77777778516,55405.55555556,0.47036865249650106,3.305006885098257,690.2232475127765,12.525604551921369,9608.35125107711,22986.111111112943,,,90.0,138491.66666667775,10.526315789473685,auxiliary_screening_only,0,0,,76,0.9841542931120144,16607.00514118503,cdd_18,0.6156080544591769,0.4514275866338135,0.6156080544591769,0.15811353100894596,0.08324569601753487,,0.005638699317733443,0.7622229948831619,same_subfamily,No,base,response,2,6,4,1.0,1.0,0.03305006885098257,0.0,0.0,0.2377762724536181,Keep,0.42972663963853863,Keep,Yes,
BWh,response,building_responses,energy_burden,annual_heating_electricity_kwh,Annual heating electricity,kWh,supporting,heating_electricity_annual_kwh,False,,,,False,,100.0,9586.111111111875,7916.666666667297,1.7478243885627958,2.602638312733724,108.64145211514503,1.150940414098398,2675.254381966619,8602.777777778467,,,90.0,9205.555555556291,10.526315789473685,auxiliary_screening_only,0,0,,76,0.9031843445298154,16607.00514118503,hdd_18,1.0236108465467315,-0.039041711774194895,0.25329509424384394,1.0236108465467315,-0.08664220601808989,,-0.04962071486479247,0.7622229948831619,same_subfamily,No,base,response,8,6,4,1.0,0.15740026837985202,0.02602638312733724,0.0,0.7215722811221741,0.2377762724536181,Review,0.2983956687316644,Review,No,
BWh,response,building_responses,durability,indoor_rh_max_pct,Indoor RH max,%,supplementary,rep_zone_rh_pct_max,False,,,,False,Bulk zone RH diagnostic; not a full moisture-risk model,100.0,59.72094087784215,2.6756250991318993,0.04382751407400957,0.17294860106552948,0.1665393229284387,0.04274343134460002,22.164549634644434,40.47763635877487,,,90.0,100.0,1.3157894736842106,auxiliary_screening_only,0,0,,76,0.06044448598708596,16607.00514118503,hdd_18,0.3143259540461206,0.036493639524133294,0.1416324748897628,0.3143259540461206,-0.11370697640462582,,0.030251442227965903,0.0,same_subfamily,No,base,response,4,6,4,1.0,0.0002410637253301126,0.0017294860106552947,0.0,0.9976965180223061,1.0,Keep,0.36013881457822783,Supplementary,No,Supplementary only; current data are not sufficient for main durability analysis
Cfb,driver,climate_drivers,thermal_shift,annual_mean_drybulb_c,Annual mean dry-bulb temperature,C,main,outdoor_drybulb_c_mean,False,,,,False,,100.0,10.503288622526467,3.751367009132741,0.30539515407857065,2.9634325024003214,0.04942353694531207,0.0009769179597766498,0.7043764533938629,2.2636567732117125,,,90.0,14.497983257229738,10.526315789473685,auxiliary_screening_only,0,0,,,,,,,,,,,,,0.8836354116917214,same_subfamily,No,base,driver,4,5,3,1.0,0.003490316007626338,0.5895847292937282,0.0,0.9968461212219242,0.0,Keep,0.3666475392368938,Keep,Yes,
Cfb,driver,climate_drivers,thermal_shift,summer_mean_drybulb_c,Summer mean dry-bulb temperature,C,main,summer_mean_drybulb_c,False,,,,False,,100.0,17.3706,4.2867,0.22056345809253258,3.2624723150217965,0.04682238961038962,0.00027585775248933203,1.02549778159877,3.5096000000000025,,,90.0,21.4296,10.526315789473685,auxiliary_screening_only,0,0,,,,,,,,,,,,,0.8836354116917214,same_subfamily,No,base,driver,3,5,3,1.0,0.003306621623484623,1.0,0.0,0.995408285335541,0.0,Keep,0.44033441772319043,Keep,Yes,Driver block representative retained for thermal_shift
Cfb,driver,climate_drivers,demand_background,cdd_18,Cooling degree days,degree-days,main,cdd_18,False,,,,False,,100.0,76.25,329.74,1.672311113269003,3.126049606824334,3.879211619958988,0.009662873399715489,78.62901578922518,242.82,,,90.0,406.795,10.526315789473685,auxiliary_screening_only,0,0,,,,,,,,,,,,,0.8164153067771057,same_subfamily,No,base,driver,2,5,3,1.0,0.27395195186242577,0.8127675301006945,0.0,0.647934874819045,0.07607221714431145,Keep,0.4444473330614428,Keep,Yes,Driver block representative retained for demand_background
Cfb,driver,climate_drivers,demand_background,hdd_18,Heating degree days,degree-days,main,hdd_18,False,,,,False,,100.0,2812.43,1039.4699999999998,0.4613984121260378,2.7950717812959596,14.160189747095012,0.3466953058321479,223.33656521307327,603.6099999999997,,,90.0,2695.47,10.526315789473685,auxiliary_screening_only,0,0,,,,,,,,,,,,,0.8164153067771057,same_subfamily,No,base,driver,1,5,3,1.0,1.0,0.3585191386534147,0.0,0.0,0.07607221714431145,Keep,0.47214066667204574,Keep,Yes,Driver block representative retained for demand_background
Cfb,driver,climate_drivers,humid_heat_stress,maximum_wetbulb_c,Maximum wet-bulb temperature,C,main,outdoor_wetbulb_c_max,False,,,,False,,100.0,18.405248597732907,3.2446729977684647,0.16236595917132216,2.53384491256948,0.04624887756554027,0.0018815473219131519,1.0636611521695214,2.742690458550186,,,90.0,22.597255852054147,10.526315789473685,auxiliary_screening_only,0,0,,,,,,,,,,,,,0.0,same_subfamily,No,base,driver,5,5,3,1.0,0.003266119903162195,0.0,0.0,0.9952374070445887,1.0,Keep,0.36030760948121776,Keep,Yes,Driver block representative retained for humid_heat_stress
Cfb,driver,climate_drivers,solar_burden,annual_ghi_kwh_m2,Annual GHI,kWh/m2,main,annual_ghi_kwh_m2,False,,,,False,,100.0,0.0,0.0,,,0.0,0.0,0.0,0.0,,,90.0,0.0,0.0,auxiliary_screening_only,0,0,,,,,,,,,,,,,0.0,same_subfamily,No,base,driver,6,5,3,1.0,0.0,0.0,0.0,1.0,1.0,Review,0.36,Keep,Yes,Driver block representative retained for solar_burden
Cfb,driver,climate_drivers,solar_burden,peak_ghi_w_m2,Peak GHI,W/m2,main,peak_ghi_w_m2,False,,,,False,,100.0,0.0,0.0,,,0.0,0.0,0.0,0.0,,,90.0,0.0,0.0,auxiliary_screening_only,0,0,,,,,,,,,,,,,0.0,same_subfamily,No,base,driver,9,5,3,1.0,0.0,0.0,0.0,1.0,1.0,Drop,0.36,Drop,No,
Cfb,driver,climate_drivers,persistence_heatwave,heatwave_days,Heatwave days,days,main,heatwave_days,False,,,,False,,100.0,0.0,0.0,,,0.0,0.0,0.0,0.0,,,90.0,0.0,0.0,auxiliary_screening_only,0,0,,,,,,,,,,,,,0.0,same_subfamily,No,base,driver,7,5,3,1.0,0.0,0.0,0.0,1.0,1.0,Review,0.36,Keep,Yes,Driver block representative retained for persistence_heatwave
Cfb,driver,climate_drivers,persistence_heatwave,maximum_consecutive_hot_days,Maximum consecutive hot days,days,main,max_consec_hot_days_35c,False,,,,False,,100.0,0.0,0.0,,,0.0,0.0,0.0,0.0,,,90.0,0.0,0.0,auxiliary_screening_only,0,0,,,,,,,,,,,,,0.0,same_subfamily,No,base,driver,8,5,3,1.0,0.0,0.0,0.0,1.0,1.0,Review,0.36,Review,No,
Cfb,response,building_responses,habitability,peak_operative_temperature_c,Peak operative temperature,C,main,rep_zone_operative_temp_c_max,False,,,,False,,100.0,25.484121826178463,0.531807109667529,0.02065341706639685,2.359305938989402,0.006879081180743829,0.00013312423964447964,0.21182313650039486,0.7225798952672307,,,90.0,26.119456199632623,10.526315789473685,auxiliary_screening_only,0,0,,76,0.8316520637559628,12134.63870871593,cdd_18,0.741175847641772,0.06899634919430425,0.741175847641772,0.12437352367544423,0.24043775581367574,,,0.737624869807488,same_subfamily,No,base,response,5,6,4,1.0,1.3324982531405824e-05,0.7767337681027142,0.0,0.9999772311697935,0.24865268899001858,Keep,0.42467826827027727,Keep,Yes,
Cfb,response,building_responses,habitability,maximum_delta_t_k,Maximum delta_t,K,main,delta_t_max_k,False,,,,False,,100.0,0.0,0.0159,,0.21590695960471834,0.0013073561175666439,5.0005689900426636e-05,0.0963767993658225,0.32,,,90.0,0.1195,10.526315789473685,auxiliary_screening_only,0,0,,76,0.4130265234395363,12134.63870871593,cdd_18,0.7182526834078599,-0.030200905040369114,0.7182526834078599,0.24126797426307395,0.14944561172867737,,,0.9817362210506252,same_subfamily,Yes,base,response,10,6,4,1.0,2.5323872434688155e-06,0.07108116989914748,0.0,0.9999896404754606,0.0,Review,0.27279418240233105,Review,No,
Cfb,response,building_responses,habitability,annual_edh_c_h,Annual EDH,C h,main,annual_edh_c_h,False,300.0,above,EN 16798-1 derived transition screen,True,Severe annual exceedance degree-hour burden above adaptive comfort threshold,100.0,0.0,0.009,,0.013113784643535194,0.009882415584415582,0.0004541877667140823,0.9065418563603854,3.7004,0.0,0.0,,,,,0,0,,76,0.2616283011874778,12134.63870871593,cdd_18,0.4793125433093533,-0.04461922411971474,0.4793125433093533,0.19191617335826427,0.24551950139889175,,,0.9709962032454712,same_subfamily,Yes,base,response,11,6,4,1.0,1.914252958651544e-05,0.0,0.0,0.9999025559816387,0.010939820264205369,Drop,0.2610888318316852,Drop,No,
Cfb,response,building_responses,habitability,maximum_daily_edh_k_h,Maximum daily EDH,K h,main,daily_edh_max_k_h,False,12.0,above,CIBSE TM52-derived transition screen,True,Severe maximum daily exceedance degree-hour burden,100.0,0.0,0.009,,0.034508720175240815,0.004213111414900888,0.00020299004267425303,0.34415367807613695,1.2138,0.0,0.0,,,,,0,0,,76,0.33589666184381617,12134.63870871593,cdd_18,0.6115366394501105,-0.028290136639329177,0.6115366394501105,0.20903095158979804,0.1726977511671256,,,0.9817362210506252,same_subfamily,Yes,base,response,12,6,4,1.0,8.160920700219223e-06,0.0,0.0,0.9999630069840788,0.0,Drop,0.2599982593193759,Drop,No,
Cfb,response,building_responses,habitability,daily_edh_exceedance_days,Daily EDH exceedance days,days,main,daily_edh_exceed_6kh_count,False,15.0,above,TM52-derived transition screen,True,Annual count of days with severe daily EDH exceedance,100.0,0.0,0.0,,,0.0,0.0,0.0,0.0,0.0,0.0,,,,,0,0,,,,,,,,,,,,,0.0,same_subfamily,No,base,response,9,6,4,1.0,0.0,0.0,0.0,1.0,1.0,Review,0.36,Review,No,
Cfb,response,building_responses,operational_adequacy,cooling_setpoint_not_met_occupied_hours,Cooling setpoint not met occupied hours,h,main,facility_cooling_setpoint_not_met_occupied_time_total_hours,False,500.0,above,ASHRAE 90.1-derived transition screen,True,Severe occupied cooling unmet load hours,100.0,0.0,0.0,,,0.0,0.0,0.0,0.0,0.0,0.0,,,,,0,0,,,,,,,,,,,,,0.0,same_subfamily,No,base,response,8,6,4,1.0,0.0,0.0,0.0,1.0,1.0,Review,0.36,Keep,Yes,Core operational adequacy trigger
Cfb,response,building_responses,operational_adequacy,heating_unmet_hours,Heating unmet hours,h,main,abups_occupied_heating_not_met_hours,False,400.0,above,ASHRAE 90.1-derived transition screen,True,Severe occupied heating unmet load hours; cold-climate operational adequacy trigger,100.0,357.67,207.00000000000003,0.8645187587704561,2.3385931079097886,3.2286274777853725,0.05705661450924608,58.830185517300556,151.67000000000002,2.6315789473684212,2.6315789473684212,,,,,1,0,,76,0.9695655424871971,12134.63870871593,hdd_18,0.6363277661366906,-0.4688525919077795,0.18908159860111812,0.6363277661366906,-0.035360677683618724,,,0.7221594370556741,same_subfamily,No,base,response,3,6,4,1.0,0.006253946364571768,0.866371841849727,0.0,0.9936763541169914,0.2644058336944721,Keep,0.44325609744159444,Keep,Yes,Standard-threshold cold-climate operational adequacy trigger
Cfb,response,building_responses,operational_adequacy,cooling_peak_demand_kw,Cooling peak demand,kW,main,cooling_electricity_peak_kw,False,,,,False,Operational peak demand diagnostic,100.0,12.3118,10.94231,0.6359237385140493,1.8016392815422906,0.20683451059466845,0.004822056614509243,5.440269600050619,14.03621,,,90.0,27.971435,10.526315789473685,auxiliary_screening_only,0,0,,76,0.8715519049651589,12134.63870871593,maximum_wetbulb_c,0.5727795002930163,0.022395473517305302,0.4776651634362094,0.10931928827534931,0.5727795002930163,,,0.7221594370556741,same_subfamily,No,base,response,7,6,4,1.0,0.00040064452913867474,0.593138026225473,0.0,0.9994152264155499,0.2644058336944721,Review,0.3932431054185806,Priority Review,Yes,Peak demand is core operational adequacy evidence
Cfb,response,building_responses,operational_adequacy,heating_peak_demand_kw,Heating peak demand,kW,main,heating_electricity_peak_kw,False,,,,False,Heating peak demand diagnostic; cold-climate supplementary adequacy,100.0,219.80964,8.958339999999993,0.041608753366485604,1.3693877476186662,0.11161899917976757,0.022317812517780956,8.95744173606226,28.057729999999992,,,90.0,212.429505,10.526315789473685,auxiliary_screening_only,0,0,,76,0.1852014158558397,12134.63870871593,hdd_18,0.3207887172767399,-0.23960840460320515,0.1261124394850616,0.3207887172767399,0.04324526231589245,,,0.42671552858416073,same_subfamily,No,base,response,6,6,4,1.0,0.00021620928364775907,0.4508316143421165,0.0,0.9990371662258335,0.5653460477117751,Keep,0.3976399022034173,Keep,Yes,Cold-climate peak demand supplementary diagnostic
Cfb,response,building_responses,energy_burden,annual_cooling_electricity_kwh,Annual cooling electricity,kWh,supporting,cooling_electricity_annual_kwh,False,,,,False,,100.0,5611.11111111156,13550.000000001084,1.228134003101536,3.0374705412284984,177.53561935142307,2.0113007744588307,2574.5852053146205,8291.66666666733,,,90.0,19905.555555557152,10.526315789473685,auxiliary_screening_only,0,0,,76,0.9802831060523397,12134.63870871593,cdd_18,0.6386135335488243,0.20734513084507988,0.6386135335488243,-0.07635205151245826,0.10441149369943081,,,0.8399750169724526,same_subfamily,No,base,response,2,6,4,1.0,0.3438917152456441,1.0,0.0,0.723258307093817,0.14439846573702242,Keep,0.5092996889420385,Keep,Yes,
Cfb,response,building_responses,energy_burden,annual_heating_electricity_kwh,Annual heating electricity,kWh,supporting,heating_electricity_annual_kwh,False,,,,False,,100.0,84402.77777778453,37966.66666666971,0.5975228998668249,2.7027740884541225,516.2544239386756,14.480638533271266,9303.206821775926,26161.111111113198,,,90.0,80234.72222222865,10.526315789473685,auxiliary_screening_only,0,0,,76,0.992942226920347,12134.63870871593,hdd_18,0.6728708638430709,-0.4912797164559784,0.22015161352318924,0.6728708638430709,-0.005782551041293993,,,0.8399750169724526,same_subfamily,No,base,response,1,6,4,1.0,1.0,0.8898107987447317,0.0,0.0,0.14439846573702242,Keep,0.5746057903477539,Keep,Yes,
Cfb,response,building_responses,durability,indoor_rh_max_pct,Indoor RH max,%,supplementary,rep_zone_rh_pct_max,False,,,,False,Bulk zone RH diagnostic; not a full moisture-risk model,100.0,60.57537720941927,3.4611113310017885,0.055564560509395323,1.3935958264839936,0.05969965523798332,0.0014841611643704004,2.927709779686676,8.642310326739413,,,90.0,65.24190964388748,10.526315789473685,auxiliary_screening_only,0,0,,76,0.3596135502946899,12134.63870871593,maximum_wetbulb_c,0.3579654762451563,0.18944946830530668,-0.2825234611816959,-0.3150709501150551,0.3579654762451563,,,0.0,same_subfamily,No,base,response,4,6,4,1.0,0.0001156399877070591,0.4588014295343114,0.0,0.9996853010111703,1.0,Keep,0.44258054101434274,Supplementary,No,Supplementary only; current data are not sufficient for main durability analysis
Csb,driver,climate_drivers,thermal_shift,annual_mean_drybulb_c,Annual mean dry-bulb temperature,C,main,outdoor_drybulb_c_mean,False,,,,False,,100.0,17.470552701674283,3.6674153348552565,0.19055409561934986,3.0791433698319373,0.04253970587011303,0.0004114258093709182,1.0564397022392582,2.830885654490018,,,90.0,20.79080527016744,10.526315789473685,auxiliary_screening_only,0,0,,,,,,,,,,,,,0.725178358907232,same_subfamily,No,base,driver,4,5,3,1.0,0.00411405830603919,0.7150341818843455,0.0,0.999013674029034,0.16797809975911593,Keep,0.40639270411144657,Keep,Yes,Driver block representative retained for thermal_shift
Csb,driver,climate_drivers,thermal_shift,summer_mean_drybulb_c,Summer mean dry-bulb temperature,C,main,summer_mean_drybulb_c,False,,,,False,,100.0,20.0482,1.0335999999999999,0.05027073486062217,0.867876873379139,0.02975256596035543,0.0014958862019914616,1.432205603181641,3.839199999999998,,,90.0,22.69115,10.526315789473685,auxiliary_screening_only,0,0,,,,,,,,,,,,,0.725178358907232,same_subfamily,No,base,driver,8,5,3,1.0,0.00264795231993605,0.20153710158902646,0.0,0.9974690260096323,0.16797809975911593,Review,0.31345689941968424,Review,No,
Csb,driver,climate_drivers,demand_background,cdd_18,Cooling degree days,degree-days,main,cdd_18,False,,,,False,,100.0,698.53,670.79,0.6730914182830542,2.6323671947447416,8.728496240601503,0.13148620199146518,244.0860934227557,739.7099999999999,,,90.0,1364.915,10.526315789473685,auxiliary_screening_only,0,0,,,,,,,,,,,,,0.871585662225094,same_subfamily,No,base,driver,3,5,3,1.0,1.0,0.611284470205176,0.0,0.0,0.0,Keep,0.5100312046369316,Keep,Yes,Driver block representative retained for demand_background
Csb,driver,climate_drivers,demand_background,hdd_18,Heating degree days,degree-days,main,hdd_18,False,,,,False,,100.0,891.68,667.5799999999999,1.3810149430143448,3.4356228130010273,6.798413123718387,0.018629871977240507,175.39046914868422,469.40999999999997,,,90.0,820.65,10.526315789473685,auxiliary_screening_only,0,0,,,,,,,,,,,,,0.871585662225094,same_subfamily,No,base,driver,2,5,3,1.0,0.7787068545969648,0.7978153181907429,0.0,0.282384749947758,0.0,Keep,0.5187348773723811,Keep,Yes,Driver block representative retained for demand_background
Csb,driver,climate_drivers,humid_heat_stress,maximum_wetbulb_c,Maximum wet-bulb temperature,C,main,outdoor_wetbulb_c_max,False,,,,False,,100.0,24.735176309057604,7.964805380395521,0.27914814537498317,4.306288353540529,0.059540508167988684,0.0018419900633895472,1.739778770261351,6.133459439116319,,,90.0,30.149993546787897,10.526315789473685,auxiliary_screening_only,0,0,,,,,,,,,,,,,0.0,same_subfamily,No,base,driver,1,5,3,1.0,0.006063280586656593,1.0,0.0,0.9962046955257876,1.0,Keep,0.5410756568933763,Keep,Yes,Driver block representative retained for humid_heat_stress
Csb,driver,climate_drivers,solar_burden,annual_ghi_kwh_m2,Annual GHI,kWh/m2,main,annual_ghi_kwh_m2,False,,,,False,,100.0,1917.17,65.66000000000008,0.03484861797803384,1.2289910193536366,1.0518565960355433,0.03014139402560447,64.59275551315505,188.98000000000002,,,90.0,1965.845,10.526315789473685,auxiliary_screening_only,0,0,,,,,,,,,,,,,0.19187734424446837,same_subfamily,No,base,driver,5,5,3,1.0,0.11983700690828014,0.28539450182038767,0.0,0.7378371166796722,0.7798525692189341,Keep,0.39190086057551765,Keep,Yes,Driver block representative retained for solar_burden
Csb,driver,climate_drivers,solar_burden,peak_ghi_w_m2,Peak GHI,W/m2,main,peak_ghi_w_m2,False,,,,False,,100.0,1138.7,30.200000000000045,0.026879510760193154,0.5536890370759341,0.5326725905673279,0.07349075391180653,75.95724933291243,153.29999999999995,,,90.0,1241.15,10.526315789473685,auxiliary_screening_only,0,0,,,,,,,,,,,,,0.19187734424446837,same_subfamily,No,base,driver,6,5,3,1.0,0.06031010850270968,0.12857686053947223,0.0,0.6911214811572173,0.7798525692189341,Review,0.34471566597537046,Review,No,
Csb,driver,climate_drivers,persistence_heatwave,heatwave_days,Heatwave days,days,main,heatwave_days,False,,,,False,,100.0,0.0,0.0,,0.0,0.006657552973342447,0.00019914651493598863,0.816496580927726,4.0,,,90.0,0.0,2.6315789473684212,auxiliary_screening_only,0,0,,,,,,,,,,,,,0.6928567611509053,same_subfamily,No,base,driver,9,5,3,1.0,0.0,0.0,0.0,1.0,0.20506177283585292,Drop,0.2805061772835853,Drop,No,
Csb,driver,climate_drivers,persistence_heatwave,maximum_consecutive_hot_days,Maximum consecutive hot days,days,main,max_consec_hot_days_35c,False,,,,False,,100.0,0.0,1.0,,1.3080139425608772,0.014107997265892003,0.00039829302987197726,1.0131578795473533,4.0,,,90.0,1.0,9.210526315789474,auxiliary_screening_only,0,0,,,,,,,,,,,,,0.6928567611509053,same_subfamily,No,base,driver,7,5,3,1.0,0.0008542286276307696,0.30374508977910386,0.0,0.9991915911352149,0.20506177283585292,Review,0.33530446742797687,Keep,Yes,Driver block representative retained for persistence_heatwave
Csb,response,building_responses,habitability,peak_operative_temperature_c,Peak operative temperature,C,main,rep_zone_operative_temp_c_max,False,,,,False,,100.0,26.834887046951625,0.7922551667375757,0.02909590657726173,3.71255292719824,0.004564359093227506,0.00044576286303950633,0.283427241304018,0.7417768555278208,,,90.0,27.328741606818053,10.526315789473685,auxiliary_screening_only,0,0,,76,0.30696455599560957,10334.081979432409,maximum_wetbulb_c,0.2267094776740062,0.12762513271222758,0.18888246594825556,-0.028650485079743784,0.2267094776740062,-0.16782806943053943,-0.10619722105316039,0.9999999925093325,same_subfamily,Yes,base,response,10,6,4,1.0,3.463311318164041e-11,0.12267566194220271,0.0,0.9999999999672957,0.0,Review,0.28208161915463803,Review,No,
Csb,response,building_responses,habitability,maximum_delta_t_k,Maximum delta_t,K,main,delta_t_max_k,False,,,,False,,100.0,0.8349,0.7922,0.6672426109453186,3.7123248180783,0.004564333561175666,0.0004457240398293028,0.28342677303474506,0.7417,,,90.0,1.3287499999999999,10.526315789473685,auxiliary_screening_only,0,0,,76,0.3069641649481586,10334.081979432409,maximum_wetbulb_c,0.22671156208784812,0.12762336282306544,0.1888908627722099,-0.028635364783812154,0.22671156208784812,-0.16784084179770828,-0.10620752597447403,0.9999999925093325,same_subfamily,Yes,base,response,11,6,4,1.0,0.0,0.12266812442345687,0.0,1.0,0.0,Drop,0.28208026239622225,Drop,No,
Csb,response,building_responses,habitability,annual_edh_c_h,Annual EDH,C h,main,annual_edh_c_h,False,300.0,above,EN 16798-1 derived transition screen,True,Severe annual exceedance degree-hour burden above adaptive comfort threshold,100.0,119.9206,251.16380000000004,1.12959967287884,3.0603105236932584,2.874517689678742,0.05151626173541967,75.72030951195303,199.7776,19.736842105263158,19.736842105263158,,,,,1,0,,76,0.8425508522845035,10334.081979432409,cdd_18,0.6534372885181372,0.31503416959551295,0.6534372885181372,0.1551214537445971,0.13123397913830812,-0.15921380704632868,-0.0968473626979973,0.7590980885000804,same_subfamily,No,base,response,3,6,4,1.0,0.0038929663793403255,0.6521739130434783,0.0,0.9947314222159944,0.24090190581376814,Keep,0.40188894908184397,Keep,Yes,
Csb,response,building_responses,habitability,maximum_daily_edh_k_h,Maximum daily EDH,K h,main,daily_edh_max_k_h,False,12.0,above,CIBSE TM52-derived transition screen,True,Severe maximum daily exceedance degree-hour burden,100.0,7.564,9.214199999999998,0.7966802739287602,3.114024314430162,0.057707543403964445,0.00478943385490754,3.9958770809336297,10.5735,30.263157894736842,30.263157894736842,,,,,1,0,,76,0.24171495149135924,10334.081979432409,maximum_wetbulb_c,0.2542708209064802,0.10976956589677248,0.14611916197528058,-0.043244227102154385,0.2542708209064802,-0.05651103610708633,-0.1787303038401872,0.8627968070759116,same_subfamily,No,base,response,1,6,4,1.0,7.208644306612544e-05,1.0,0.0,0.9997407192277004,0.13720318646116436,Keep,0.4537116913152223,Keep,Yes,
Csb,response,building_responses,habitability,daily_edh_exceedance_days,Daily EDH exceedance days,days,main,daily_edh_exceed_6kh_count,False,15.0,above,TM52-derived transition screen,True,Annual count of days with severe daily EDH exceedance,100.0,1.0,9.0,2.302585092994046,3.2672342661541047,0.061845522898154454,0.0035277382645803714,3.6695503811775088,12.0,0.0,0.0,,,,,0,0,,76,0.3328683282011248,10334.081979432409,cdd_18,0.27220610083920255,0.12720820373921396,0.27220610083920255,0.08102838720875252,0.2678499547978273,-0.1908508162515089,-0.1202368570625326,0.7907473508688048,same_subfamily,No,base,response,12,6,4,1.0,7.769943151938499e-05,0.0,0.0,0.9997635101694552,0.20925264320796966,Drop,0.2809202632013071,Drop,No,
Csb,response,building_responses,operational_adequacy,cooling_setpoint_not_met_occupied_hours,Cooling setpoint not met occupied hours,h,main,facility_cooling_setpoint_not_met_occupied_time_total_hours,False,500.0,above,ASHRAE 90.1-derived transition screen,True,Severe occupied cooling unmet load hours,100.0,194.66666666666436,364.5000000000148,1.055158886017644,2.8153023474459857,4.882237411711321,0.004760550023708143,102.3562588869543,306.16666666668,18.42105263157895,18.42105263157895,,,,,1,1,,76,0.8493318902038589,10334.081979432409,cdd_18,0.439337837929543,0.2607730072179588,0.439337837929543,-0.005655087370863439,0.22927807337372896,-0.20951963798257917,0.011355932052657629,0.7407978360750399,same_subfamily,No,base,response,4,6,4,1.0,0.006616350493005745,0.6086956521739131,0.0,0.9928711442453536,0.2592021583758898,Keep,0.3963604717717501,Keep,Yes,Core operational adequacy trigger
Csb,response,building_responses,operational_adequacy,heating_unmet_hours,Heating unmet hours,h,main,abups_occupied_heating_not_met_hours,False,400.0,above,ASHRAE 90.1-derived transition screen,True,Severe occupied heating unmet load hours; cold-climate operational adequacy trigger,100.0,16.5,16.5,,3.141961710416299,0.1637030758714969,0.006050071123755332,5.01166000442967,13.999999999999998,0.0,0.0,,,,,0,0,,76,0.6983876321322026,10334.081979432409,hdd_18,0.9412400268560477,-0.20519118931594552,0.3726433734172711,0.9412400268560477,0.14010974704662552,0.2819420333299702,0.01103273145584052,0.6394463452545284,same_subfamily,No,base,response,9,6,4,1.0,0.00021586475339190352,0.0,0.0,0.9996697760610451,0.3605536499555916,Review,0.29607415014247773,Keep,Yes,Standard-threshold cold-climate operational adequacy trigger
Csb,response,building_responses,operational_adequacy,cooling_peak_demand_kw,Cooling peak demand,kW,main,cooling_electricity_peak_kw,False,,,,False,Operational peak demand diagnostic,100.0,63.15902,7.341250000000002,0.10996086648052052,2.040526036060663,0.12043841421736155,0.0025294492176386927,3.6775428846621065,9.877829999999996,,,90.0,72.263275,10.526315789473685,auxiliary_screening_only,0,0,,76,0.7044444769033629,10334.081979432409,maximum_wetbulb_c,0.4868969799597124,0.12150161516424957,0.4601220246930443,0.3327497083849255,0.4868969799597124,-0.16036766521200096,0.21212531396811793,0.7407978360750399,same_subfamily,No,base,response,8,6,4,1.0,0.00015717812948769818,0.06742607771330887,0.0,0.9997629519660304,0.2592021583758898,Review,0.2980709277736647,Priority Review,Yes,Peak demand is core operational adequacy evidence
Csb,response,building_responses,operational_adequacy,heating_peak_demand_kw,Heating peak demand,kW,main,heating_electricity_peak_kw,False,,,,False,Heating peak demand diagnostic; cold-climate supplementary adequacy,100.0,179.39401,163.48991,2.4230076223717663,5.621714443096239,0.6568389528366372,0.09640809046941681,32.26766365884935,117.09700000000001,,,90.0,77.373715,10.526315789473685,auxiliary_screening_only,0,0,,76,0.23431340632779996,10334.081979432409,annual_ghi_kwh_m2,0.18760200922563747,-0.11294774662621862,-0.09650571159635091,0.11399867713878686,-0.1300707116983147,0.18760200922563747,0.009681959369683506,0.5737762478506537,same_subfamily,No,base,response,6,6,4,1.0,0.0008847820322667161,0.185760998989267,0.0,0.9977661929579171,0.4262237478513792,Keep,0.3360483215867417,Keep,Yes,Cold-climate peak demand supplementary diagnostic
Csb,response,building_responses,energy_burden,annual_cooling_electricity_kwh,Annual cooling electricity,kWh,supporting,cooling_electricity_annual_kwh,False,,,,False,,100.0,55144.44444444886,64077.7777777829,0.7710331600373034,3.352620427758658,737.2196020354506,1.3835150940415044,14318.546501094683,38200.00000000304,,,90.0,112773.61111112013,10.526315789473685,auxiliary_screening_only,0,0,,76,0.957561991643248,10334.081979432409,cdd_18,0.444404833001451,0.3266418136224723,0.444404833001451,-0.14768772061254087,0.0653767028774125,-0.15257443046135913,0.010220377362641968,0.8087543869046244,same_subfamily,No,base,response,2,6,4,1.0,1.0,0.11078224022159044,0.0,0.0,0.19124560703726534,Keep,0.4390653639436128,Keep,Yes,
Csb,response,building_responses,energy_burden,annual_heating_electricity_kwh,Annual heating electricity,kWh,supporting,heating_electricity_annual_kwh,False,,,,False,,100.0,2716.666666666884,2541.66666666687,2.7423749436432847,4.358740534819978,20.338269917218916,0.914809546388566,484.71174243158833,1791.6666666668102,,,90.0,1790.2777777779206,10.526315789473685,auxiliary_screening_only,0,0,,76,0.8243886917067611,10334.081979432409,hdd_18,0.8688606349331437,-0.245579732917733,0.2486284198041535,0.8688606349331437,0.04597853767510508,0.15947157742360688,-0.0024025591663129784,0.8087543869046244,same_subfamily,No,base,response,7,6,4,1.0,0.027581783528241265,0.1440279481070949,0.0,0.9661671032901102,0.19124560703726534,Review,0.30828592973879254,Review,No,
Csb,response,building_responses,durability,indoor_rh_max_pct,Indoor RH max,%,supplementary,rep_zone_rh_pct_max,False,,,,False,Bulk zone RH diagnostic; not a full moisture-risk model,100.0,72.83853089423556,4.585931552665173,0.06105769723360681,1.067679182937304,0.02316945307994783,0.0025607240999047033,6.04497847258205,26.108909570686734,,,90.0,78.55521130724352,10.526315789473685,auxiliary_screening_only,0,0,,76,0.1273900186739585,10334.081979432409,hdd_18,0.6192994183820647,0.0005449681573411317,-0.4623437715060642,-0.6192994183820647,0.053043766163009654,0.03070955787463836,0.014452814286586551,0.0,same_subfamily,No,base,response,5,6,4,1.0,2.523703202903952e-05,0.035279833870971784,0.0,0.9995976081966338,1.0,Keep,0.36631618780412534,Supplementary,No,Supplementary only; current data are not sufficient for main durability analysis
Dfa,driver,climate_drivers,thermal_shift,annual_mean_drybulb_c,Annual mean dry-bulb temperature,C,main,outdoor_drybulb_c_mean,False,,,,False,,100.0,9.080018074581442,3.5765049467274093,0.33209655292428136,3.73411304515412,0.0377464903047361,5.653626770255517e-05,0.6912639690613053,2.214750761035173,,,90.0,12.307792998478037,10.526315789473685,auxiliary_screening_only,0,0,,,,,,,,,,,,,0.8123683031382939,same_subfamily,No,base,driver,8,5,3,1.0,0.003445333460001561,0.3877371367699238,0.0,0.9988539648762944,0.0,Review,0.3305049611366161,Review,No,
Dfa,driver,climate_drivers,thermal_shift,summer_mean_drybulb_c,Summer mean dry-bulb temperature,C,main,summer_mean_drybulb_c,False,,,,False,,100.0,20.7533,4.370699999999999,0.19111829441575573,4.155959838142742,0.03544284894053316,0.00046411379800853224,1.0142333115991278,2.570499999999999,,,90.0,24.153100000000002,10.526315789473685,auxiliary_screening_only,0,0,,,,,,,,,,,,,0.8123683031382939,same_subfamily,No,base,driver,6,5,3,1.0,0.0032094370348254284,0.4389670160557325,0.0,0.9972618068551721,0.0,Review,0.3395105084639072,Keep,Yes,Driver block representative retained for thermal_shift
Dfa,driver,climate_drivers,demand_background,cdd_18,Cooling degree days,degree-days,main,cdd_18,False,,,,False,,100.0,322.98,484.64,0.9165012490661378,4.278890210657112,4.008228161312374,0.034928876244665646,100.63737873763517,236.32000000000005,,,90.0,715.87,10.526315789473685,auxiliary_screening_only,0,0,,,,,,,,,,,,,0.7519016179529437,same_subfamily,No,base,driver,4,5,3,1.0,0.41002877434300933,0.4538959150046941,0.0,0.5061446350730814,0.07443260027718801,Keep,0.3981658940781941,Keep,Yes,Driver block representative retained for demand_background
Dfa,driver,climate_drivers,demand_background,hdd_18,Heating degree days,degree-days,main,hdd_18,False,,,,False,,100.0,3578.86,820.8900000000003,0.260549412082464,3.202048943898666,9.769579220779221,0.055755903271692574,203.308845922388,622.6399999999999,,,90.0,3464.6099999999997,10.526315789473685,auxiliary_screening_only,0,0,,,,,,,,,,,,,0.7519016179529437,same_subfamily,No,base,driver,1,5,3,1.0,1.0,0.3231222573097298,0.0,0.0,0.07443260027718801,Keep,0.4656052663434701,Keep,Yes,Driver block representative retained for demand_background
Dfa,driver,climate_drivers,humid_heat_stress,maximum_wetbulb_c,Maximum wet-bulb temperature,C,main,outdoor_wetbulb_c_max,False,,,,False,,100.0,27.33762525174501,2.266767141790723,0.07965877431968565,1.4377726248373124,0.04887918116483823,0.004615872946875669,1.5799097535895494,4.327495355399492,,,90.0,28.50315237607909,10.526315789473685,auxiliary_screening_only,0,0,,,,,,,,,,,,,0.0,same_subfamily,No,base,driver,5,5,3,1.0,0.00458533815747657,0.10886517546257235,0.0,0.994473163582105,1.0,Keep,0.38014352909926796,Keep,Yes,Driver block representative retained for humid_heat_stress
Dfa,driver,climate_drivers,solar_burden,annual_ghi_kwh_m2,Annual GHI,kWh/m2,main,annual_ghi_kwh_m2,False,,,,False,,100.0,1440.43,37.23000000000002,0.026186337487814588,0.725534842503601,1.0040039644565955,0.048890753911806736,69.47731943860052,179.3900000000001,,,90.0,1466.725,10.526315789473685,auxiliary_screening_only,0,0,,,,,,,,,,,,,0.12610411862737544,same_subfamily,No,base,driver,7,5,3,1.0,0.10239158763572853,0.022369660459967407,0.0,0.6597559282124437,0.8447697698935109,Review,0.33905308972596443,Keep,Yes,Driver block representative retained for solar_burden
Dfa,driver,climate_drivers,solar_burden,peak_ghi_w_m2,Peak GHI,W/m2,main,peak_ghi_w_m2,False,,,,False,,100.0,1527.0,58.59999999999991,0.03913165359595311,0.5413343396557312,0.7240587833219413,0.28935135135135154,137.55214448184933,312.79999999999995,,,90.0,1505.9,10.526315789473685,auxiliary_screening_only,0,0,,,,,,,,,,,,,0.12610411862737544,same_subfamily,No,base,driver,9,5,3,1.0,0.07372476974422099,0.0,0.0,0.32416407953283444,0.8447697698935109,Drop,0.29458732968124757,Drop,No,
Dfa,driver,climate_drivers,persistence_heatwave,heatwave_days,Heatwave days,days,main,heatwave_days,False,,,,False,,100.0,0.0,4.0,,8.775724091682312,0.004101161995898837,0.004210526315789474,0.45879068090894015,4.0,,,90.0,0.0,1.3157894736842106,auxiliary_screening_only,0,0,,,,,,,,,,,,,0.7618400593644641,same_subfamily,No,base,driver,2,5,3,1.0,0.0,1.0,0.0,1.0,0.06219868941049522,Keep,0.4462198689410495,Keep,Yes,Driver block representative retained for persistence_heatwave
Dfa,driver,climate_drivers,persistence_heatwave,maximum_consecutive_hot_days,Maximum consecutive hot days,days,main,max_consec_hot_days_35c,False,,,,False,,100.0,0.0,4.0,,6.916239478938009,0.011455912508544087,0.003926031294452347,0.5631656555184767,3.0,,,90.0,1.0,2.6315789473684212,auxiliary_screening_only,0,0,,,,,,,,,,,,,0.7618400593644641,same_subfamily,No,base,driver,3,5,3,1.0,0.0007531377847938738,0.7741806413417994,0.0,0.999485457499702,0.06219868941049522,Keep,0.4057016832008941,Keep,Yes,
Dfa,response,building_responses,habitability,peak_operative_temperature_c,Peak operative temperature,C,main,rep_zone_operative_temp_c_max,False,,,,False,,100.0,26.87225111243749,0.021064925096048626,0.0007835842637024985,0.47976874446799866,0.0004951268369772753,3.267061604031588e-05,0.06128254051404323,0.13079020850175027,,,90.0,26.939297853614242,10.526315789473685,auxiliary_screening_only,0,0,,76,0.17144374018246655,13296.512140125926,cdd_18,0.3383340251415606,0.1342696832823194,0.3383340251415606,-0.030400563314481432,-0.10904973725561476,0.1154798861984045,-0.10849283536448155,0.9999998153015569,same_subfamily,Yes,base,response,11,6,4,1.0,0.0,0.10943981137304226,0.0,1.0,0.0,Drop,0.2796991660471476,Drop,No,
Dfa,response,building_responses,habitability,maximum_delta_t_k,Maximum delta_t,K,main,delta_t_max_k,False,,,,False,,100.0,0.8723,0.02100000000000002,0.023789069268620584,0.47827635547656355,0.0004952153110047847,3.264295874822193e-05,0.06128622031093122,0.13080000000000003,,,90.0,0.9393,10.526315789473685,auxiliary_screening_only,0,0,,76,0.1714109574239583,13296.512140125926,cdd_18,0.33812050731431426,0.1342934864763127,0.33812050731431426,-0.030525127998815942,-0.10895081955754293,0.11542043090849768,-0.10853715643082798,0.9999998153015569,same_subfamily,Yes,base,response,12,6,4,1.0,2.74678026024114e-10,0.10909938325720289,0.0,0.9999999994758999,0.0,Drop,0.27963788899980924,Drop,No,
Dfa,response,building_responses,habitability,annual_edh_c_h,Annual EDH,C h,main,annual_edh_c_h,False,300.0,above,EN 16798-1 derived transition screen,True,Severe annual exceedance degree-hour burden above adaptive comfort threshold,100.0,119.5909,161.7947,0.8556492189977816,4.450008762837834,1.0431833615857824,0.03816986344238972,42.01148315192176,106.257,0.0,0.0,,,,,0,0,,76,0.9053285608141549,13296.512140125926,cdd_18,0.861445929619835,0.22640308269579495,0.861445929619835,0.07265811499056014,-0.09699128486952262,0.22138580774023386,-0.03990269468796763,0.464071473064882,same_subfamily,No,base,response,6,6,4,1.0,0.0032371482811606235,0.0,0.0,0.9940251854169203,0.5359284412218236,Keep,0.31377227825135295,Keep,Yes,
Dfa,response,building_responses,habitability,maximum_daily_edh_k_h,Maximum daily EDH,K h,main,daily_edh_max_k_h,False,12.0,above,CIBSE TM52-derived transition screen,True,Severe maximum daily exceedance degree-hour burden,100.0,6.6923,0.8549999999999995,0.12023227163998153,0.49770348680221393,0.023459674641148332,0.00029491322901849194,2.527280598113316,6.4967999999999995,0.0,0.0,,,,,0,0,,76,0.09963678827443145,13296.512140125926,cdd_18,0.14758457531156263,0.10989436515703913,0.14758457531156263,-0.08420897270077148,-0.0005667752397359015,0.04466992511779179,-0.056777682097865816,0.7150579060959057,same_subfamily,No,base,response,10,6,4,1.0,7.129614008717815e-05,0.0,0.0,0.9996487768606193,0.2849419618339879,Review,0.28847618494308164,Review,No,
Dfa,response,building_responses,habitability,daily_edh_exceedance_days,Daily EDH exceedance days,days,main,daily_edh_exceed_6kh_count,False,15.0,above,TM52-derived transition screen,True,Annual count of days with severe daily EDH exceedance,100.0,1.0,1.0,0.6931471805599453,1.2589961676528865,0.010198222829801774,0.0010241820768136555,1.1371699765450878,3.0,0.0,0.0,,,,,0,0,,76,0.10738161186567963,13296.512140125926,cdd_18,0.22462794048138707,0.0935990523414407,0.22462794048138707,-0.028094131178658544,-0.04425827053590846,0.007403104693191519,0.06724985968439197,0.7150579060959057,same_subfamily,No,base,response,9,6,4,1.0,3.012440293111723e-05,0.0,0.0,0.9998467652633631,0.2849419618339879,Review,0.28848610256643853,Review,No,
Dfa,response,building_responses,operational_adequacy,cooling_setpoint_not_met_occupied_hours,Cooling setpoint not met occupied hours,h,main,facility_cooling_setpoint_not_met_occupied_time_total_hours,False,500.0,above,ASHRAE 90.1-derived transition screen,True,Severe occupied cooling unmet load hours,100.0,111.66666666666764,138.33333333332683,0.8059426747052588,4.185904893652434,1.045010252904939,0.06583688952109532,30.547453471282672,90.83333333332817,0.0,0.0,,,,,0,0,,76,0.7321997952499798,13296.512140125926,cdd_18,0.4922209735288887,0.14039419350001145,0.4922209735288887,0.02599430518528794,0.259391197900612,0.049242425270586816,0.12881178368956983,0.6851257444413584,same_subfamily,No,base,response,8,6,4,1.0,0.003242820080166872,0.0,0.0,0.995657965492306,0.3148741290169599,Review,0.29183148627016664,Keep,Yes,Core operational adequacy trigger
Dfa,response,building_responses,operational_adequacy,heating_unmet_hours,Heating unmet hours,h,main,abups_occupied_heating_not_met_hours,False,400.0,above,ASHRAE 90.1-derived transition screen,True,Severe occupied heating unmet load hours; cold-climate operational adequacy trigger,100.0,315.5,90.83000000000001,0.3395260230518825,2.490891467722307,1.2734946001367053,0.005545092460881934,33.26467353708569,100.82999999999998,0.0,0.0,,,,,0,0,,76,0.9429154420378567,13296.512140125926,hdd_18,0.7838718930475358,-0.4571148439433177,0.3638873861182328,0.7838718930475358,0.012693902857772997,-0.016720644428222166,-0.0015288823772883198,0.527105392182118,same_subfamily,No,base,response,7,6,4,1.0,0.003952176613849835,0.0,0.0,0.9952709617154949,0.4728945104623187,Review,0.30776506960510536,Keep,Yes,Standard-threshold cold-climate operational adequacy trigger
Dfa,response,building_responses,operational_adequacy,cooling_peak_demand_kw,Cooling peak demand,kW,main,cooling_electricity_peak_kw,False,,,,False,Operational peak demand diagnostic,100.0,77.06911,8.029630000000012,0.09910967757946289,2.0212234452349818,0.08578523691045799,0.00846234992887625,5.227449687437362,13.176730000000006,,,90.0,82.09345499999999,10.526315789473685,auxiliary_screening_only,0,0,,76,0.6980479808970566,13296.512140125926,maximum_wetbulb_c,0.7168782925674254,-0.02644492732182877,0.25991585334329315,0.1512544538541124,0.7168782925674254,0.011748740532919745,0.021798891793588293,0.6851257444413584,same_subfamily,No,base,response,4,6,4,1.0,0.0002647931798049713,0.4610602819376483,0.0,0.9992642015924074,0.3148741290169599,Keep,0.3744682341728666,Keep,Yes,Peak demand is core operational adequacy evidence
Dfa,response,building_responses,operational_adequacy,heating_peak_demand_kw,Heating peak demand,kW,main,heating_electricity_peak_kw,False,,,,False,Heating peak demand diagnostic; cold-climate supplementary adequacy,100.0,205.08373,6.7828599999999994,0.03253844935729347,0.7408111561209297,0.1285148816131237,0.010630788335704135,12.865689903899876,53.34800000000001,,,90.0,221.1679,10.526315789473685,auxiliary_screening_only,0,0,,76,0.19250869398185455,13296.512140125926,hdd_18,0.3833123359604119,-0.186323466046362,0.311808434936689,0.3833123359604119,-0.10530532429836106,0.060586640570301525,0.02887336526240465,0.4566383048030086,same_subfamily,No,base,response,5,6,4,1.0,0.00039745238827600744,0.1689860669827934,0.0,0.9981763148035663,0.5433616108565918,Keep,0.3446666731961049,Keep,Yes,Cold-climate peak demand supplementary diagnostic
Dfa,response,building_responses,energy_burden,annual_cooling_electricity_kwh,Annual cooling electricity,kWh,supporting,cooling_electricity_annual_kwh,False,,,,False,,100.0,35386.11111111394,37366.66666666966,0.7207476861754467,4.383859387628455,322.10135186453556,0.9336968547495635,6604.446900079828,15105.55555555677,,,90.0,66997.22222222757,10.526315789473685,auxiliary_screening_only,0,0,,76,0.9740035660198899,13296.512140125926,cdd_18,0.7611329554164071,0.22180738443623402,0.7611329554164071,0.03332554013682068,0.05380986410309053,-0.02208476813154436,0.00430072634865759,0.6790239801965167,same_subfamily,No,base,response,1,6,4,1.0,1.0,1.0,0.0,0.05936136359678279,0.32097589438878815,Keep,0.6180337257985571,Keep,Yes,
Dfa,response,building_responses,energy_burden,annual_heating_electricity_kwh,Annual heating electricity,kWh,supporting,heating_electricity_annual_kwh,False,,,,False,,100.0,58155.55555556021,20636.11111111277,0.43826209564921786,2.5980592755417335,284.8872939925799,0.6401137980085853,7021.2332416181725,19583.3333333349,,,90.0,57876.38888889352,10.526315789473685,auxiliary_screening_only,0,0,,76,0.9410365879379998,13296.512140125926,hdd_18,0.749583831593631,-0.4407226128883508,0.33944199846098944,0.749583831593631,-0.032518705362109615,0.025519715073423835,-0.012535162515621263,0.6790239801965167,same_subfamily,No,base,response,2,6,4,1.0,0.8844645796696505,0.592642018326051,0.0,0.0,0.32097589438878815,Keep,0.5110446518582842,Keep,Yes,
Dfa,response,building_responses,durability,indoor_rh_max_pct,Indoor RH max,%,supplementary,rep_zone_rh_pct_max,False,,,,False,Bulk zone RH diagnostic; not a full moisture-risk model,100.0,64.74569010506464,6.001389303083116,0.08864411894072781,1.27214452629607,0.11372939622451753,0.0007955018733762085,5.697520426186527,30.351464864652073,,,90.0,72.48702171657354,10.526315789473685,auxiliary_screening_only,0,0,,76,0.40293680149045086,13296.512140125926,maximum_wetbulb_c,0.4426368274191888,0.13611457354526832,-0.22366871558978185,-0.2815659048643696,0.4426368274191888,-0.14406581013514805,-0.0582085992328812,0.0,same_subfamily,No,base,response,3,6,4,1.0,0.000351549109600016,0.2901882596613722,0.0,0.9991972511258059,1.0,Keep,0.4122379836379316,Supplementary,No,Supplementary only; current data are not sufficient for main durability analysis
Dfb,driver,climate_drivers,thermal_shift,annual_mean_drybulb_c,Annual mean dry-bulb temperature,C,main,outdoor_drybulb_c_mean,False,,,,False,,100.0,7.989136225266402,3.617475266362061,0.37349224496507216,3.1326310062229914,0.048038668459234206,0.0004789730249356413,0.6692436194486596,2.3802245053270585,,,90.0,11.681316590563096,10.526315789473685,auxiliary_screening_only,0,0,,,,,,,,,,,,,0.8173145885245341,same_subfamily,No,base,driver,6,5,3,1.0,0.0037340144363144446,0.5878144160054883,0.0,0.9968551787899492,0.0,Review,0.3663882762246983,Review,No,
Dfb,driver,climate_drivers,thermal_shift,summer_mean_drybulb_c,Summer mean dry-bulb temperature,C,main,summer_mean_drybulb_c,False,,,,False,,100.0,20.3735,4.2715,0.19033900337237455,3.601668329382657,0.04318400820232399,0.00014782930298719882,1.0095367956091987,2.633200000000002,,,90.0,24.254849999999998,10.526315789473685,auxiliary_screening_only,0,0,,,,,,,,,,,,,0.8173145885245341,same_subfamily,No,base,driver,5,5,3,1.0,0.0033566648539027737,0.6843361445772725,0.0,0.995256118048949,0.0,Keep,0.3835117173937406,Keep,Yes,Driver block representative retained for thermal_shift
Dfb,driver,climate_drivers,demand_background,cdd_18,Cooling degree days,degree-days,main,cdd_18,False,,,,False,,100.0,282.3,456.42,0.9619486234992352,3.7223612267593684,4.669385372522214,0.038164438122332806,95.15199121742015,245.7,,,90.0,714.755,10.526315789473685,auxiliary_screening_only,0,0,,,,,,,,,,,,,0.7689109667481479,same_subfamily,No,base,driver,4,5,3,1.0,0.3629482862229898,0.7091731596844297,0.0,0.5528743323610155,0.059222755174072494,Keep,0.4359684661902237,Keep,Yes,Driver block representative retained for demand_background
Dfb,driver,climate_drivers,demand_background,hdd_18,Heating degree days,degree-days,main,hdd_18,False,,,,False,,100.0,3936.4,864.0799999999999,0.2478336235155714,2.701456566527337,12.865153383458646,0.13692375533428208,212.80816133831794,659.69,,,90.0,3808.51,10.526315789473685,auxiliary_screening_only,0,0,,,,,,,,,,,,,0.7689109667481479,same_subfamily,No,base,driver,2,5,3,1.0,1.0,0.4990843721892781,0.0,0.0,0.059222755174072494,Keep,0.4957574625114773,Keep,Yes,Driver block representative retained for demand_background
Dfb,driver,climate_drivers,humid_heat_stress,maximum_wetbulb_c,Maximum wet-bulb temperature,C,main,outdoor_wetbulb_c_max,False,,,,False,,100.0,24.314092887927007,4.816527950789244,0.18073374696245437,3.2225739677717935,0.04462735895760102,0.0017594187443773029,1.578313605815388,3.492029950462232,,,90.0,28.01818025977284,10.526315789473685,auxiliary_screening_only,0,0,,,,,,,,,,,,,0.0,same_subfamily,No,base,driver,3,5,3,1.0,0.0034688555687941184,0.6063234976774402,0.0,0.9925833971973179,1.0,Keep,0.46922909463818163,Keep,Yes,Driver block representative retained for humid_heat_stress
Dfb,driver,climate_drivers,solar_burden,annual_ghi_kwh_m2,Annual GHI,kWh/m2,main,annual_ghi_kwh_m2,False,,,,False,,100.0,1327.91,48.17000000000007,0.0369493453744922,0.9427413688100146,0.9170434723171567,0.028429871977240295,65.64972045786301,169.96000000000004,,,90.0,1381.24,10.526315789473685,auxiliary_screening_only,0,0,,,,,,,,,,,,,0.155475993457536,same_subfamily,No,base,driver,8,5,3,1.0,0.07128119230169802,0.13716385421088903,0.0,0.6915075058916821,0.8097721542714529,Review,0.35192494592668105,Keep,Yes,Driver block representative retained for solar_burden
Dfb,driver,climate_drivers,solar_burden,peak_ghi_w_m2,Peak GHI,W/m2,main,peak_ghi_w_m2,False,,,,False,,100.0,1465.7,29.0,0.019592573758513948,0.2762078538668852,0.7529159261790848,0.21718918918918917,157.45290964461586,328.60000000000014,,,90.0,1520.7,10.526315789473685,auxiliary_screening_only,0,0,,,,,,,,,,,,,0.155475993457536,same_subfamily,No,base,driver,9,5,3,1.0,0.05852366495273546,0.0,0.0,0.26011808638156253,0.8097721542714529,Drop,0.28103470365395805,Drop,No,
Dfb,driver,climate_drivers,persistence_heatwave,heatwave_days,Heatwave days,days,main,heatwave_days,False,,,,False,,100.0,0.0,0.0,,,0.0,0.0,0.0,0.0,,,90.0,0.0,0.0,auxiliary_screening_only,0,0,,,,,,,,,,,,,0.0,same_subfamily,No,base,driver,7,5,3,1.0,0.0,0.0,0.0,1.0,1.0,Review,0.36,Review,No,
Dfb,driver,climate_drivers,persistence_heatwave,maximum_consecutive_hot_days,Maximum consecutive hot days,days,main,max_consec_hot_days_35c,False,,,,False,,100.0,0.0,1.0,,5.135604075836093,0.002829801777170198,0.0009957325746799432,0.19955506062794354,1.0,,,90.0,0.0,3.9473684210526314,auxiliary_screening_only,0,0,,,,,,,,,,,,,0.0,same_subfamily,No,base,driver,1,5,3,1.0,0.00021995865053646478,1.0,0.0,0.9990622772201359,1.0,Keep,0.5399590177981424,Keep,Yes,Driver block representative retained for persistence_heatwave
Dfb,response,building_responses,habitability,peak_operative_temperature_c,Peak operative temperature,C,main,rep_zone_operative_temp_c_max,False,,,,False,,100.0,26.812816371329017,0.09971248638350971,0.003711938953543119,2.226063079242144,0.0007447973905524726,7.894387868600711e-05,0.0634179634888089,0.15801285834224998,,,90.0,26.94847642459954,10.526315789473685,auxiliary_screening_only,0,0,,76,0.20287698147618005,10472.239554355676,cdd_18,0.5542541048761727,0.07037754471892982,0.5542541048761727,0.11892806106868492,-0.12206584798026696,0.02452822158475887,,0.9999998122719016,same_subfamily,Yes,base,response,6,6,4,1.0,1.5141523902836441e-10,0.5639359800746765,0.0,0.999999999502847,0.0,Keep,0.3615084764000661,Keep,Yes,
Dfb,response,building_responses,habitability,maximum_delta_t_k,Maximum delta_t,K,main,delta_t_max_k,False,,,,False,,100.0,0.8128,0.09970000000000001,0.1157030086324292,2.2258427840671997,0.000744735475051265,7.899288762446664e-05,0.06341392649007702,0.15800000000000003,,,90.0,0.94845,10.526315789473685,auxiliary_screening_only,0,0,,76,0.2028570510370108,10472.239554355676,cdd_18,0.554252891632916,0.07042436027241558,0.554252891632916,0.11886479779421201,-0.12223252948935663,0.024532741361634566,,0.9999998122719016,same_subfamily,Yes,base,response,7,6,4,1.0,0.0,0.5638801719636907,0.0,1.0,0.0,Review,0.36149843095346434,Review,No,
Dfb,response,building_responses,habitability,annual_edh_c_h,Annual EDH,C h,main,annual_edh_c_h,False,300.0,above,EN 16798-1 derived transition screen,True,Severe annual exceedance degree-hour burden above adaptive comfort threshold,100.0,123.8526,136.28160000000003,0.7421055028482297,3.508135128942563,1.356350772385509,0.04054881365576102,36.8307449010559,89.8518,0.0,0.0,,,,,0,0,,76,0.8949261631246757,10472.239554355676,cdd_18,0.82364455963653,0.23772247773970429,0.82364455963653,0.0024193588047067,-0.12750755639132802,0.11702365449833367,,0.4484980611121881,same_subfamily,No,base,response,9,6,4,1.0,0.0033151538484502314,0.0,0.0,0.9954721341939765,0.551501854692108,Review,0.31549303581223653,Review,No,
Dfb,response,building_responses,habitability,maximum_daily_edh_k_h,Maximum daily EDH,K h,main,daily_edh_max_k_h,False,12.0,above,CIBSE TM52-derived transition screen,True,Severe maximum daily exceedance degree-hour burden,100.0,6.7714,0.11730000000000018,0.017174527750583094,0.056396188381231324,0.01686316609706084,0.002057667140825035,2.881649928109011,8.4353,3.9473684210526314,3.9473684210526314,,,,,1,0,,76,0.034693191890496355,10472.239554355676,hdd_18,0.10245531031368402,0.08569627056944974,0.03336109778476228,-0.10245531031368402,-0.05217427087751109,0.006875580512390306,,0.6155750959689837,same_subfamily,No,base,response,3,6,4,1.0,3.941785139089246e-05,1.0,0.0,0.9996529366128354,0.3844247884702524,Keep,0.4784172327926426,Keep,Yes,
Dfb,response,building_responses,habitability,daily_edh_exceedance_days,Daily EDH exceedance days,days,main,daily_edh_exceed_6kh_count,False,15.0,above,TM52-derived transition screen,True,Annual count of days with severe daily EDH exceedance,100.0,1.0,2.0,1.0986122886681098,2.178777666111909,0.012481203007518796,0.0015078236130867705,1.3061223356009022,4.0,0.0,0.0,,,,,0,0,,76,0.11427281514698262,10472.239554355676,maximum_wetbulb_c,0.15090062343772076,0.08447920304959337,0.04209507784863802,-0.09677492642727627,0.15090062343772076,-0.00900190701021155,,0.6155750959689837,same_subfamily,No,base,response,11,6,4,1.0,2.8701698316530098e-05,0.0,0.0,0.999846961507313,0.3844247884702524,Drop,0.2984340634053525,Drop,No,
Dfb,response,building_responses,operational_adequacy,cooling_setpoint_not_met_occupied_hours,Cooling setpoint not met occupied hours,h,main,facility_cooling_setpoint_not_met_occupied_time_total_hours,False,500.0,above,ASHRAE 90.1-derived transition screen,True,Severe occupied cooling unmet load hours,100.0,117.00000000000114,125.66666666666046,0.7295148247307894,3.8463452566084024,1.017593984962366,0.06726410621147051,30.695818189468827,76.49999999999565,0.0,0.0,,,,,0,0,,76,0.6855173634802905,10472.239554355676,cdd_18,0.4984640031507812,0.13032845132064463,0.4984640031507812,0.02009883327513917,0.2762689756281403,0.05548124502505769,,0.6875992251122026,same_subfamily,No,base,response,12,6,4,1.0,0.002486719305569357,0.0,0.0,0.9962276452453246,0.3124006458060782,Drop,0.2914596417384769,Keep,Yes,Core operational adequacy trigger
Dfb,response,building_responses,operational_adequacy,heating_unmet_hours,Heating unmet hours,h,main,abups_occupied_heating_not_met_hours,False,400.0,above,ASHRAE 90.1-derived transition screen,True,Severe occupied heating unmet load hours; cold-climate operational adequacy trigger,100.0,364.67,103.84000000000003,0.3351239809280412,2.234537537587583,1.7769670539986333,0.008253769559032717,36.19915160307245,108.34,0.0,0.0,,,,,0,0,,76,0.9513445576771358,10472.239554355676,hdd_18,0.7137360023948565,-0.4530479575456056,0.30704014880985614,0.7137360023948565,-0.06797049911832079,-0.003903279265906306,,0.5818478339657905,same_subfamily,No,base,response,10,6,4,1.0,0.004343776948926052,0.0,0.0,0.9955499143760418,0.41815205680500156,Review,0.30241270358584665,Keep,Yes,Standard-threshold cold-climate operational adequacy trigger
Dfb,response,building_responses,operational_adequacy,cooling_peak_demand_kw,Cooling peak demand,kW,main,cooling_electricity_peak_kw,False,,,,False,Operational peak demand diagnostic,100.0,74.15611,9.301230000000004,0.1181631373716115,2.6479065008204614,0.08974282925495557,0.0054578697012802315,3.874846134159702,9.261720000000011,,,90.0,81.07513,10.526315789473685,auxiliary_screening_only,0,0,,76,0.6003655028957027,10472.239554355676,maximum_wetbulb_c,0.6901546298600596,-0.013928269109010436,0.16673248135496335,0.08220300274673467,0.6901546298600596,-0.035703737780002555,,0.6875992251122026,same_subfamily,No,base,response,5,6,4,1.0,0.00021764610444758065,0.6708029802078502,0.0,0.9995306253375579,0.3124006458060782,Keep,0.41198989861684404,Keep,Yes,Peak demand is core operational adequacy evidence
Dfb,response,building_responses,operational_adequacy,heating_peak_demand_kw,Heating peak demand,kW,main,heating_electricity_peak_kw,False,,,,False,Heating peak demand diagnostic; cold-climate supplementary adequacy,100.0,196.42331,11.068290000000019,0.05481878169155062,0.8736715590073423,0.19116958632945988,0.023578856330014247,16.19637501526319,44.09679000000003,,,90.0,226.64306,10.526315789473685,auxiliary_screening_only,0,0,,76,0.19584550592551786,10472.239554355676,hdd_18,0.3431536563993841,-0.20133337649445954,0.21745652940854124,0.3431536563993841,-0.12139112715699443,-0.11881176673148629,,0.4569780905051941,same_subfamily,No,base,response,8,6,4,1.0,0.0004656866817953339,0.22133012828186005,0.0,0.9980132394457925,0.5430218237071618,Review,0.35405469420966107,Review,No,Cold-climate peak demand supplementary diagnostic
Dfb,response,building_responses,energy_burden,annual_cooling_electricity_kwh,Annual cooling electricity,kWh,supporting,cooling_electricity_annual_kwh,False,,,,False,,100.0,33188.888888891546,33938.888888891604,0.704382786251253,3.82422132103229,344.52282220706036,3.712660028449795,6613.197230363598,17750.000000001426,,,90.0,65326.388888894115,10.526315789473685,auxiliary_screening_only,0,0,,76,0.9799817993168027,10472.239554355676,cdd_18,0.8439495526419343,0.20503659295029142,0.8439495526419343,0.052682285263340616,-0.00949204544662852,-0.015278178450778045,,0.7102088521098783,same_subfamily,No,base,response,1,6,4,1.0,0.8425336417127781,0.9688027346615136,0.0,0.18559814693058563,0.2897910145639394,Keep,0.5841314823995917,Keep,Yes,
Dfb,response,building_responses,energy_burden,annual_heating_electricity_kwh,Annual heating electricity,kWh,supporting,heating_electricity_annual_kwh,False,,,,False,,100.0,74047.22222222814,25394.44444444646,0.419994123637314,2.3838418868630504,408.912698412731,4.489568515884671,8120.2976588668025,24455.555555557512,,,90.0,72508.33333333913,10.526315789473685,auxiliary_screening_only,0,0,,76,0.966637095099786,10472.239554355676,hdd_18,0.7260593652940612,-0.4566726403187469,0.3261008202120147,0.7260593652940612,-0.07787411801535372,-0.004778474941282548,,0.7102088521098783,same_subfamily,No,base,response,2,6,4,1.0,1.0,0.6039066113386394,0.0,0.0,0.2897910145639394,Keep,0.537682291497349,Keep,Yes,
Dfb,response,building_responses,durability,indoor_rh_max_pct,Indoor RH max,%,supplementary,rep_zone_rh_pct_max,False,,,,False,Bulk zone RH diagnostic; not a full moisture-risk model,100.0,66.55085638459504,4.876852116327626,0.07071945526006472,1.493661258720566,0.09863782143928672,0.0009501880849177123,3.536686247833466,9.287986472591626,,,90.0,72.8266536334854,10.526315789473685,auxiliary_screening_only,0,0,,76,0.7489974399399268,10472.239554355676,maximum_wetbulb_c,0.6846873036529085,0.08901514774344756,0.027900991049153216,-0.10674305731441511,0.6846873036529085,-0.11329390859884092,,0.0,same_subfamily,No,base,response,4,6,4,1.0,0.00023939893437671436,0.3783941855425434,0.0,0.9995722694424107,1.0,Keep,0.4281256360861493,Supplementary,No,Supplementary only; current data are not sufficient for main durability analysis
