screening_weight_set,role,subfamily,metric,screening_score,screening_rank_within_role,screening_decision_raw,keep_drop_decision,screening_selected_for_analysis,retention_rule,weight_slope,weight_breach,weight_discrimination,weight_coverage,weight_volatility,weight_uniqueness
base,driver,thermal_shift,annual_mean_drybulb_c,0.6478912743456672,3,Keep,Keep,Yes,Driver block representative retained for thermal_shift,0.24,0.18,0.22,0.16,0.1,0.1
base,driver,thermal_shift,summer_mean_drybulb_c,0.585813531912935,5,Keep,Keep,Yes,,0.24,0.18,0.22,0.16,0.1,0.1
base,driver,demand_background,cdd_18,0.7703365776621898,1,Keep,Keep,Yes,Driver block representative retained for demand_background,0.24,0.18,0.22,0.16,0.1,0.1
base,driver,demand_background,hdd_18,0.7211516660817088,2,Keep,Keep,Yes,Driver block representative retained for demand_background,0.24,0.18,0.22,0.16,0.1,0.1
base,driver,humid_heat_stress,maximum_wetbulb_c,0.5166526260626685,7,Review,Keep,Yes,Driver block representative retained for humid_heat_stress,0.24,0.18,0.22,0.16,0.1,0.1
base,driver,solar_burden,annual_ghi_kwh_m2,0.5036023645308688,8,Review,Keep,Yes,Driver block representative retained for solar_burden,0.24,0.18,0.22,0.16,0.1,0.1
base,driver,solar_burden,peak_ghi_w_m2,0.43652439396093823,9,Drop,Drop,No,,0.24,0.18,0.22,0.16,0.1,0.1
base,driver,persistence_heatwave,heatwave_days,0.6342396365797052,4,Keep,Keep,Yes,Driver block representative retained for persistence_heatwave,0.24,0.18,0.22,0.16,0.1,0.1
base,driver,persistence_heatwave,maximum_consecutive_hot_days,0.5244087181639426,6,Review,Review,No,,0.24,0.18,0.22,0.16,0.1,0.1
base,response,habitability,peak_operative_temperature_c,0.4503433462217822,7,Review,Review,No,,0.24,0.18,0.22,0.16,0.1,0.1
base,response,habitability,maximum_delta_t_k,0.45456451019696376,6,Keep,Keep,Yes,,0.24,0.18,0.22,0.16,0.1,0.1
base,response,habitability,annual_edh_c_h,0.6471580868474219,1,Keep,Keep,Yes,,0.24,0.18,0.22,0.16,0.1,0.1
base,response,habitability,maximum_daily_edh_k_h,0.5623093686382359,3,Keep,Keep,Yes,,0.24,0.18,0.22,0.16,0.1,0.1
base,response,habitability,daily_edh_exceedance_days,0.4913996804166379,5,Keep,Keep,Yes,,0.24,0.18,0.22,0.16,0.1,0.1
base,response,operational_adequacy,cooling_setpoint_not_met_occupied_hours,0.5946097050561214,2,Keep,Keep,Yes,Core operational adequacy trigger,0.24,0.18,0.22,0.16,0.1,0.1
base,response,operational_adequacy,heating_unmet_hours,0.2909030569467001,12,Drop,Keep,Yes,Standard-threshold cold-climate operational adequacy trigger,0.24,0.18,0.22,0.16,0.1,0.1
base,response,operational_adequacy,cooling_peak_demand_kw,0.36014400654487194,10,Review,Priority Review,Yes,Peak demand is core operational adequacy evidence,0.24,0.18,0.22,0.16,0.1,0.1
base,response,operational_adequacy,heating_peak_demand_kw,0.30204305595674286,11,Drop,Review,No,Cold-climate peak demand supplementary diagnostic,0.24,0.18,0.22,0.16,0.1,0.1
base,response,energy_burden,annual_cooling_electricity_kwh,0.5057778927792408,4,Keep,Keep,Yes,,0.24,0.18,0.22,0.16,0.1,0.1
base,response,energy_burden,annual_heating_electricity_kwh,0.3668908133212021,8,Review,Review,No,,0.24,0.18,0.22,0.16,0.1,0.1
base,response,durability,indoor_rh_max_pct,0.3644444854647384,9,Review,Supplementary,No,Supplementary only; current data are not sufficient for main durability analysis,0.24,0.18,0.22,0.16,0.1,0.1
slope_minus20pct,driver,thermal_shift,annual_mean_drybulb_c,0.6805336763148098,3,Keep,Keep,Yes,Driver block representative retained for thermal_shift,0.20168067226890757,0.18907563025210083,0.23109243697478993,0.16806722689075632,0.1050420168067227,0.1050420168067227
slope_minus20pct,driver,thermal_shift,summer_mean_drybulb_c,0.615350348648041,5,Keep,Keep,Yes,,0.20168067226890757,0.18907563025210083,0.23109243697478993,0.16806722689075632,0.1050420168067227,0.1050420168067227
slope_minus20pct,driver,demand_background,cdd_18,0.758756909309023,1,Keep,Keep,Yes,Driver block representative retained for demand_background,0.20168067226890757,0.18907563025210083,0.23109243697478993,0.16806722689075632,0.1050420168067227,0.1050420168067227
slope_minus20pct,driver,demand_background,hdd_18,0.711215441452013,2,Keep,Keep,Yes,Driver block representative retained for demand_background,0.20168067226890757,0.18907563025210083,0.23109243697478993,0.16806722689075632,0.1050420168067227,0.1050420168067227
slope_minus20pct,driver,humid_heat_stress,maximum_wetbulb_c,0.5426891997567926,7,Review,Keep,Yes,Driver block representative retained for humid_heat_stress,0.20168067226890757,0.18907563025210083,0.23109243697478993,0.16806722689075632,0.1050420168067227,0.1050420168067227
slope_minus20pct,driver,solar_burden,annual_ghi_kwh_m2,0.5261840264373527,8,Review,Keep,Yes,Driver block representative retained for solar_burden,0.20168067226890757,0.18907563025210083,0.23109243697478993,0.16806722689075632,0.1050420168067227,0.1050420168067227
slope_minus20pct,driver,solar_burden,peak_ghi_w_m2,0.45657005903852743,9,Drop,Drop,No,,0.20168067226890757,0.18907563025210083,0.23109243697478993,0.16806722689075632,0.1050420168067227,0.1050420168067227
slope_minus20pct,driver,persistence_heatwave,heatwave_days,0.6657252704276204,4,Keep,Keep,Yes,Driver block representative retained for persistence_heatwave,0.20168067226890757,0.18907563025210083,0.23109243697478993,0.16806722689075632,0.1050420168067227,0.1050420168067227
slope_minus20pct,driver,persistence_heatwave,maximum_consecutive_hot_days,0.5502885636637733,6,Review,Review,No,,0.20168067226890757,0.18907563025210083,0.23109243697478993,0.16806722689075632,0.1050420168067227,0.1050420168067227
slope_minus20pct,response,habitability,peak_operative_temperature_c,0.4730496511480467,7,Review,Review,No,,0.20168067226890757,0.18907563025210083,0.23109243697478993,0.16806722689075632,0.1050420168067227,0.1050420168067227
slope_minus20pct,response,habitability,maximum_delta_t_k,0.4774837291984914,6,Keep,Keep,Yes,,0.20168067226890757,0.18907563025210083,0.23109243697478993,0.16806722689075632,0.1050420168067227,0.1050420168067227
slope_minus20pct,response,habitability,annual_edh_c_h,0.6796804921022932,1,Keep,Keep,Yes,,0.20168067226890757,0.18907563025210083,0.23109243697478993,0.16806722689075632,0.1050420168067227,0.1050420168067227
slope_minus20pct,response,habitability,maximum_daily_edh_k_h,0.5906592872112201,3,Keep,Keep,Yes,,0.20168067226890757,0.18907563025210083,0.23109243697478993,0.16806722689075632,0.1050420168067227,0.1050420168067227
slope_minus20pct,response,habitability,daily_edh_exceedance_days,0.5161740942658186,4,Keep,Keep,Yes,,0.20168067226890757,0.18907563025210083,0.23109243697478993,0.16806722689075632,0.1050420168067227,0.1050420168067227
slope_minus20pct,response,operational_adequacy,cooling_setpoint_not_met_occupied_hours,0.6242848256296709,2,Keep,Keep,Yes,Core operational adequacy trigger,0.20168067226890757,0.18907563025210083,0.23109243697478993,0.16806722689075632,0.1050420168067227,0.1050420168067227
slope_minus20pct,response,operational_adequacy,heating_unmet_hours,0.3054702698074665,12,Drop,Keep,Yes,Standard-threshold cold-climate operational adequacy trigger,0.20168067226890757,0.18907563025210083,0.23109243697478993,0.16806722689075632,0.1050420168067227,0.1050420168067227
slope_minus20pct,response,operational_adequacy,cooling_peak_demand_kw,0.3782874671987866,9,Review,Priority Review,Yes,Peak demand is core operational adequacy evidence,0.20168067226890757,0.18907563025210083,0.23109243697478993,0.16806722689075632,0.1050420168067227,0.1050420168067227
slope_minus20pct,response,operational_adequacy,heating_peak_demand_kw,0.31723445036404535,11,Drop,Review,No,Cold-climate peak demand supplementary diagnostic,0.20168067226890757,0.18907563025210083,0.23109243697478993,0.16806722689075632,0.1050420168067227,0.1050420168067227
slope_minus20pct,response,energy_burden,annual_cooling_electricity_kwh,0.48085913107063116,5,Keep,Keep,Yes,,0.20168067226890757,0.18907563025210083,0.23109243697478993,0.16806722689075632,0.1050420168067227,0.1050420168067227
slope_minus20pct,response,energy_burden,annual_heating_electricity_kwh,0.36558473104791267,10,Review,Review,No,,0.20168067226890757,0.18907563025210083,0.23109243697478993,0.16806722689075632,0.1050420168067227,0.1050420168067227
slope_minus20pct,response,durability,indoor_rh_max_pct,0.38281282667387023,8,Review,Supplementary,No,Supplementary only; current data are not sufficient for main durability analysis,0.20168067226890757,0.18907563025210083,0.23109243697478993,0.16806722689075632,0.1050420168067227,0.1050420168067227
slope_plus20pct,driver,thermal_shift,annual_mean_drybulb_c,0.6182390160683546,3,Keep,Keep,Yes,Driver block representative retained for thermal_shift,0.27480916030534347,0.17175572519083968,0.2099236641221374,0.15267175572519084,0.09541984732824428,0.09541984732824428
slope_plus20pct,driver,thermal_shift,summer_mean_drybulb_c,0.5589823777795181,5,Keep,Keep,Yes,,0.27480916030534347,0.17175572519083968,0.2099236641221374,0.15267175572519084,0.09541984732824428,0.09541984732824428
slope_plus20pct,driver,demand_background,cdd_18,0.7808555130364405,1,Keep,Keep,Yes,Driver block representative retained for demand_background,0.27480916030534347,0.17175572519083968,0.2099236641221374,0.15267175572519084,0.09541984732824428,0.09541984732824428
slope_plus20pct,driver,demand_background,hdd_18,0.7301777021957074,2,Keep,Keep,Yes,Driver block representative retained for demand_background,0.27480916030534347,0.17175572519083968,0.2099236641221374,0.15267175572519084,0.09541984732824428,0.09541984732824428
slope_plus20pct,driver,humid_heat_stress,maximum_wetbulb_c,0.4930010820199145,7,Review,Keep,Yes,Driver block representative retained for humid_heat_stress,0.27480916030534347,0.17175572519083968,0.2099236641221374,0.15267175572519084,0.09541984732824428,0.09541984732824428
slope_plus20pct,driver,solar_burden,annual_ghi_kwh_m2,0.4830892518066583,8,Review,Keep,Yes,Driver block representative retained for solar_burden,0.27480916030534347,0.17175572519083968,0.2099236641221374,0.15267175572519084,0.09541984732824428,0.09541984732824428
slope_plus20pct,driver,solar_burden,peak_ghi_w_m2,0.4183149730125938,9,Drop,Drop,No,,0.27480916030534347,0.17175572519083968,0.2099236641221374,0.15267175572519084,0.09541984732824428,0.09541984732824428
slope_plus20pct,driver,persistence_heatwave,heatwave_days,0.6056381829315991,4,Keep,Keep,Yes,Driver block representative retained for persistence_heatwave,0.27480916030534347,0.17175572519083968,0.2099236641221374,0.15267175572519084,0.09541984732824428,0.09541984732824428
slope_plus20pct,driver,persistence_heatwave,maximum_consecutive_hot_days,0.5008995455343254,6,Review,Review,No,,0.27480916030534347,0.17175572519083968,0.2099236641221374,0.15267175572519084,0.09541984732824428,0.09541984732824428
slope_plus20pct,response,habitability,peak_operative_temperature_c,0.4297170081589923,7,Review,Review,No,,0.27480916030534347,0.17175572519083968,0.2099236641221374,0.15267175572519084,0.09541984732824428,0.09541984732824428
slope_plus20pct,response,habitability,maximum_delta_t_k,0.4337447616383242,6,Keep,Keep,Yes,,0.27480916030534347,0.17175572519083968,0.2099236641221374,0.15267175572519084,0.09541984732824428,0.09541984732824428
slope_plus20pct,response,habitability,annual_edh_c_h,0.6176148332189513,1,Keep,Keep,Yes,,0.27480916030534347,0.17175572519083968,0.2099236641221374,0.15267175572519084,0.09541984732824428,0.09541984732824428
slope_plus20pct,response,habitability,maximum_daily_edh_k_h,0.5365563891711737,3,Keep,Keep,Yes,,0.27480916030534347,0.17175572519083968,0.2099236641221374,0.15267175572519084,0.09541984732824428,0.09541984732824428
slope_plus20pct,response,habitability,daily_edh_exceedance_days,0.4688946785231073,5,Keep,Keep,Yes,,0.27480916030534347,0.17175572519083968,0.2099236641221374,0.15267175572519084,0.09541984732824428,0.09541984732824428
slope_plus20pct,response,operational_adequacy,cooling_setpoint_not_met_occupied_hours,0.5676529161381643,2,Keep,Keep,Yes,Core operational adequacy trigger,0.27480916030534347,0.17175572519083968,0.2099236641221374,0.15267175572519084,0.09541984732824428,0.09541984732824428
slope_plus20pct,response,operational_adequacy,heating_unmet_hours,0.2776702452640192,12,Drop,Keep,Yes,Standard-threshold cold-climate operational adequacy trigger,0.27480916030534347,0.17175572519083968,0.2099236641221374,0.15267175572519084,0.09541984732824428,0.09541984732824428
slope_plus20pct,response,operational_adequacy,cooling_peak_demand_kw,0.34366254228673576,10,Review,Priority Review,Yes,Peak demand is core operational adequacy evidence,0.27480916030534347,0.17175572519083968,0.2099236641221374,0.15267175572519084,0.09541984732824428,0.09541984732824428
slope_plus20pct,response,operational_adequacy,heating_peak_demand_kw,0.2882432396630864,11,Drop,Review,No,Cold-climate peak demand supplementary diagnostic,0.27480916030534347,0.17175572519083968,0.2099236641221374,0.15267175572519084,0.09541984732824428,0.09541984732824428
slope_plus20pct,response,energy_burden,annual_cooling_electricity_kwh,0.5284140198275198,4,Keep,Keep,Yes,,0.27480916030534347,0.17175572519083968,0.2099236641221374,0.15267175572519084,0.09541984732824428,0.09541984732824428
slope_plus20pct,response,energy_burden,annual_heating_electricity_kwh,0.3680772544702207,8,Review,Review,No,,0.27480916030534347,0.17175572519083968,0.2099236641221374,0.15267175572519084,0.09541984732824428,0.09541984732824428
slope_plus20pct,response,durability,indoor_rh_max_pct,0.3477587403969011,9,Review,Supplementary,No,Supplementary only; current data are not sufficient for main durability analysis,0.27480916030534347,0.17175572519083968,0.2099236641221374,0.15267175572519084,0.09541984732824428,0.09541984732824428
breach_minus20pct,driver,thermal_shift,annual_mean_drybulb_c,0.6347419858357545,3,Keep,Keep,Yes,Driver block representative retained for thermal_shift,0.24896265560165975,0.14937759336099585,0.2282157676348548,0.16597510373443985,0.1037344398340249,0.1037344398340249
breach_minus20pct,driver,thermal_shift,summer_mean_drybulb_c,0.5809669389242773,5,Keep,Keep,Yes,,0.24896265560165975,0.14937759336099585,0.2282157676348548,0.16597510373443985,0.1037344398340249,0.1037344398340249
breach_minus20pct,driver,demand_background,cdd_18,0.766075043958372,1,Keep,Keep,Yes,Driver block representative retained for demand_background,0.24896265560165975,0.14937759336099585,0.2282157676348548,0.16597510373443985,0.1037344398340249,0.1037344398340249
breach_minus20pct,driver,demand_background,hdd_18,0.720945699563843,2,Keep,Keep,Yes,Driver block representative retained for demand_background,0.24896265560165975,0.14937759336099585,0.2282157676348548,0.16597510373443985,0.1037344398340249,0.1037344398340249
breach_minus20pct,driver,humid_heat_stress,maximum_wetbulb_c,0.5033880384069725,8,Review,Keep,Yes,Driver block representative retained for humid_heat_stress,0.24896265560165975,0.14937759336099585,0.2282157676348548,0.16597510373443985,0.1037344398340249,0.1037344398340249
breach_minus20pct,driver,solar_burden,annual_ghi_kwh_m2,0.5153454399416418,6,Review,Keep,Yes,Driver block representative retained for solar_burden,0.24896265560165975,0.14937759336099585,0.2282157676348548,0.16597510373443985,0.1037344398340249,0.1037344398340249
breach_minus20pct,driver,solar_burden,peak_ghi_w_m2,0.4528261348142513,9,Drop,Drop,No,,0.24896265560165975,0.14937759336099585,0.2282157676348548,0.16597510373443985,0.1037344398340249,0.1037344398340249
breach_minus20pct,driver,persistence_heatwave,heatwave_days,0.6232388180098556,4,Keep,Keep,Yes,Driver block representative retained for persistence_heatwave,0.24896265560165975,0.14937759336099585,0.2282157676348548,0.16597510373443985,0.1037344398340249,0.1037344398340249
breach_minus20pct,driver,persistence_heatwave,maximum_consecutive_hot_days,0.5131745198231585,7,Review,Review,No,,0.24896265560165975,0.14937759336099585,0.2282157676348548,0.16597510373443985,0.1037344398340249,0.1037344398340249
breach_minus20pct,response,habitability,peak_operative_temperature_c,0.4651956063126612,7,Review,Review,No,,0.24896265560165975,0.14937759336099585,0.2282157676348548,0.16597510373443985,0.1037344398340249,0.1037344398340249
breach_minus20pct,response,habitability,maximum_delta_t_k,0.47005877367888155,6,Keep,Keep,Yes,,0.24896265560165975,0.14937759336099585,0.2282157676348548,0.16597510373443985,0.1037344398340249,0.1037344398340249
breach_minus20pct,response,habitability,annual_edh_c_h,0.6339814178915167,1,Keep,Keep,Yes,,0.24896265560165975,0.14937759336099585,0.2282157676348548,0.16597510373443985,0.1037344398340249,0.1037344398340249
breach_minus20pct,response,habitability,maximum_daily_edh_k_h,0.5536703311484729,3,Keep,Keep,Yes,,0.24896265560165975,0.14937759336099585,0.2282157676348548,0.16597510373443985,0.1037344398340249,0.1037344398340249
breach_minus20pct,response,habitability,daily_edh_exceedance_days,0.5017493584077918,5,Keep,Keep,Yes,,0.24896265560165975,0.14937759336099585,0.2282157676348548,0.16597510373443985,0.1037344398340249,0.1037344398340249
breach_minus20pct,response,operational_adequacy,cooling_setpoint_not_met_occupied_hours,0.5910300320948749,2,Keep,Keep,Yes,Core operational adequacy trigger,0.24896265560165975,0.14937759336099585,0.2282157676348548,0.16597510373443985,0.1037344398340249,0.1037344398340249
breach_minus20pct,response,operational_adequacy,heating_unmet_hours,0.30176665658371377,12,Drop,Keep,Yes,Standard-threshold cold-climate operational adequacy trigger,0.24896265560165975,0.14937759336099585,0.2282157676348548,0.16597510373443985,0.1037344398340249,0.1037344398340249
breach_minus20pct,response,operational_adequacy,cooling_peak_demand_kw,0.37169541307658677,10,Review,Priority Review,Yes,Peak demand is core operational adequacy evidence,0.24896265560165975,0.14937759336099585,0.2282157676348548,0.16597510373443985,0.1037344398340249,0.1037344398340249
breach_minus20pct,response,operational_adequacy,heating_peak_demand_kw,0.3111799152338136,11,Drop,Review,No,Cold-climate peak demand supplementary diagnostic,0.24896265560165975,0.14937759336099585,0.2282157676348548,0.16597510373443985,0.1037344398340249,0.1037344398340249
breach_minus20pct,response,energy_burden,annual_cooling_electricity_kwh,0.5206238567345409,4,Keep,Keep,Yes,,0.24896265560165975,0.14937759336099585,0.2282157676348548,0.16597510373443985,0.1037344398340249,0.1037344398340249
breach_minus20pct,response,energy_burden,annual_heating_electricity_kwh,0.3775920909234339,8,Review,Review,No,,0.24896265560165975,0.14937759336099585,0.2282157676348548,0.16597510373443985,0.1037344398340249,0.1037344398340249
breach_minus20pct,response,durability,indoor_rh_max_pct,0.3771218449959121,9,Review,Supplementary,No,Supplementary only; current data are not sufficient for main durability analysis,0.24896265560165975,0.14937759336099585,0.2282157676348548,0.16597510373443985,0.1037344398340249,0.1037344398340249
breach_plus20pct,driver,thermal_shift,annual_mean_drybulb_c,0.660126712688868,3,Keep,Keep,Yes,Driver block representative retained for thermal_shift,0.23166023166023164,0.2084942084942085,0.21235521235521235,0.15444015444015444,0.09652509652509653,0.09652509652509653
breach_plus20pct,driver,thermal_shift,summer_mean_drybulb_c,0.5903232960452381,5,Keep,Keep,Yes,,0.23166023166023164,0.2084942084942085,0.21235521235521235,0.15444015444015444,0.09652509652509653,0.09652509652509653
breach_plus20pct,driver,demand_background,cdd_18,0.7743019430004913,1,Keep,Keep,Yes,Driver block representative retained for demand_background,0.23166023166023164,0.2084942084942085,0.21235521235521235,0.15444015444015444,0.09652509652509653,0.09652509652509653
breach_plus20pct,driver,demand_background,hdd_18,0.7213433183242018,2,Keep,Keep,Yes,Driver block representative retained for demand_background,0.23166023166023164,0.2084942084942085,0.21235521235521235,0.15444015444015444,0.09652509652509653,0.09652509652509653
breach_plus20pct,driver,humid_heat_stress,maximum_wetbulb_c,0.5289953504836056,7,Review,Keep,Yes,Driver block representative retained for humid_heat_stress,0.23166023166023164,0.2084942084942085,0.21235521235521235,0.15444015444015444,0.09652509652509653,0.09652509652509653
breach_plus20pct,driver,solar_burden,annual_ghi_kwh_m2,0.4926754101911148,8,Review,Keep,Yes,Driver block representative retained for solar_burden,0.23166023166023164,0.2084942084942085,0.21235521235521235,0.15444015444015444,0.09652509652509653,0.09652509652509653
breach_plus20pct,driver,solar_burden,peak_ghi_w_m2,0.4213555926263882,9,Drop,Drop,No,,0.23166023166023164,0.2084942084942085,0.21235521235521235,0.15444015444015444,0.09652509652509653,0.09652509652509653
breach_plus20pct,driver,persistence_heatwave,heatwave_days,0.6444759194960519,4,Keep,Keep,Yes,Driver block representative retained for persistence_heatwave,0.23166023166023164,0.2084942084942085,0.21235521235521235,0.15444015444015444,0.09652509652509653,0.09652509652509653
breach_plus20pct,driver,persistence_heatwave,maximum_consecutive_hot_days,0.5348621614076837,6,Review,Review,No,,0.23166023166023164,0.2084942084942085,0.21235521235521235,0.15444015444015444,0.09652509652509653,0.09652509652509653
breach_plus20pct,response,habitability,peak_operative_temperature_c,0.4365232895349025,7,Review,Review,No,,0.23166023166023164,0.2084942084942085,0.21235521235521235,0.15444015444015444,0.09652509652509653,0.09652509652509653
breach_plus20pct,response,habitability,maximum_delta_t_k,0.4401470681153339,6,Keep,Keep,Yes,,0.23166023166023164,0.2084942084942085,0.21235521235521235,0.15444015444015444,0.09652509652509653,0.09652509652509653
breach_plus20pct,response,habitability,annual_edh_c_h,0.6594190027484768,1,Keep,Keep,Yes,,0.23166023166023164,0.2084942084942085,0.21235521235521235,0.15444015444015444,0.09652509652509653,0.09652509652509653
breach_plus20pct,response,habitability,maximum_daily_edh_k_h,0.5703480097001388,3,Keep,Keep,Yes,,0.23166023166023164,0.2084942084942085,0.21235521235521235,0.15444015444015444,0.09652509652509653,0.09652509652509653
breach_plus20pct,response,habitability,daily_edh_exceedance_days,0.4817692850657958,5,Keep,Keep,Yes,,0.23166023166023164,0.2084942084942085,0.21235521235521235,0.15444015444015444,0.09652509652509653,0.09652509652509653
breach_plus20pct,response,operational_adequacy,cooling_setpoint_not_met_occupied_hours,0.5979405976571268,2,Keep,Keep,Yes,Core operational adequacy trigger,0.23166023166023164,0.2084942084942085,0.21235521235521235,0.15444015444015444,0.09652509652509653,0.09652509652509653
breach_plus20pct,response,operational_adequacy,heating_unmet_hours,0.28079445651225876,12,Drop,Keep,Yes,Standard-threshold cold-climate operational adequacy trigger,0.23166023166023164,0.2084942084942085,0.21235521235521235,0.15444015444015444,0.09652509652509653,0.09652509652509653
breach_plus20pct,response,operational_adequacy,cooling_peak_demand_kw,0.3493954004670987,10,Review,Priority Review,Yes,Peak demand is core operational adequacy evidence,0.23166023166023164,0.2084942084942085,0.21235521235521235,0.15444015444015444,0.09652509652509653,0.09652509652509653
breach_plus20pct,response,operational_adequacy,heating_peak_demand_kw,0.293541190760704,11,Drop,Review,No,Cold-climate peak demand supplementary diagnostic,0.23166023166023164,0.2084942084942085,0.21235521235521235,0.15444015444015444,0.09652509652509653,0.09652509652509653
breach_plus20pct,response,energy_burden,annual_cooling_electricity_kwh,0.49196369465867196,4,Keep,Keep,Yes,,0.23166023166023164,0.2084942084942085,0.21235521235521235,0.15444015444015444,0.09652509652509653,0.09652509652509653
breach_plus20pct,response,energy_burden,annual_heating_electricity_kwh,0.35693325385348834,8,Review,Review,No,,0.23166023166023164,0.2084942084942085,0.21235521235521235,0.15444015444015444,0.09652509652509653,0.09652509652509653
breach_plus20pct,response,durability,indoor_rh_max_pct,0.3526481779473142,9,Review,Supplementary,No,Supplementary only; current data are not sufficient for main durability analysis,0.23166023166023164,0.2084942084942085,0.21235521235521235,0.15444015444015444,0.09652509652509653,0.09652509652509653
discrimination_minus20pct,driver,thermal_shift,annual_mean_drybulb_c,0.6370357100585011,3,Keep,Keep,Yes,Driver block representative retained for thermal_shift,0.2510460251046025,0.18828451882845187,0.18410041841004188,0.1673640167364017,0.10460251046025106,0.10460251046025106
discrimination_minus20pct,driver,thermal_shift,summer_mean_drybulb_c,0.5743208692296805,5,Keep,Keep,Yes,,0.2510460251046025,0.18828451882845187,0.18410041841004188,0.1673640167364017,0.10460251046025106,0.10460251046025106
discrimination_minus20pct,driver,demand_background,cdd_18,0.7664397280194987,1,Keep,Keep,Yes,Driver block representative retained for demand_background,0.2510460251046025,0.18828451882845187,0.18410041841004188,0.1673640167364017,0.10460251046025106,0.10460251046025106
discrimination_minus20pct,driver,demand_background,hdd_18,0.7143415304308068,2,Keep,Keep,Yes,Driver block representative retained for demand_background,0.2510460251046025,0.18828451882845187,0.18410041841004188,0.1673640167364017,0.10460251046025106,0.10460251046025106
discrimination_minus20pct,driver,humid_heat_stress,maximum_wetbulb_c,0.5404316172203646,6,Review,Keep,Yes,Driver block representative retained for humid_heat_stress,0.2510460251046025,0.18828451882845187,0.18410041841004188,0.1673640167364017,0.10460251046025106,0.10460251046025106
discrimination_minus20pct,driver,solar_burden,annual_ghi_kwh_m2,0.4807556114339633,8,Review,Keep,Yes,Driver block representative retained for solar_burden,0.2510460251046025,0.18828451882845187,0.18410041841004188,0.1673640167364017,0.10460251046025106,0.10460251046025106
discrimination_minus20pct,driver,solar_burden,peak_ghi_w_m2,0.4126628233446396,9,Drop,Drop,No,,0.2510460251046025,0.18828451882845187,0.18410041841004188,0.1673640167364017,0.10460251046025106,0.10460251046025106
discrimination_minus20pct,driver,persistence_heatwave,heatwave_days,0.6201898068205262,4,Keep,Keep,Yes,Driver block representative retained for persistence_heatwave,0.2510460251046025,0.18828451882845187,0.18410041841004188,0.1673640167364017,0.10460251046025106,0.10460251046025106
discrimination_minus20pct,driver,persistence_heatwave,maximum_consecutive_hot_days,0.5239952966060796,7,Review,Review,No,,0.2510460251046025,0.18828451882845187,0.18410041841004188,0.1673640167364017,0.10460251046025106,0.10460251046025106
discrimination_minus20pct,response,habitability,peak_operative_temperature_c,0.4332316838897192,7,Review,Review,No,,0.2510460251046025,0.18828451882845187,0.18410041841004188,0.1673640167364017,0.10460251046025106,0.10460251046025106
discrimination_minus20pct,response,habitability,maximum_delta_t_k,0.43627558632645735,6,Keep,Keep,Yes,,0.2510460251046025,0.18828451882845187,0.18410041841004188,0.1673640167364017,0.10460251046025106,0.10460251046025106
discrimination_minus20pct,response,habitability,annual_edh_c_h,0.6408079806393555,1,Keep,Keep,Yes,,0.2510460251046025,0.18828451882845187,0.18410041841004188,0.1673640167364017,0.10460251046025106,0.10460251046025106
discrimination_minus20pct,response,habitability,maximum_daily_edh_k_h,0.5588326549813303,3,Keep,Keep,Yes,,0.2510460251046025,0.18828451882845187,0.18410041841004188,0.1673640167364017,0.10460251046025106,0.10460251046025106
discrimination_minus20pct,response,habitability,daily_edh_exceedance_days,0.4776877951811675,5,Keep,Keep,Yes,,0.2510460251046025,0.18828451882845187,0.18410041841004188,0.1673640167364017,0.10460251046025106,0.10460251046025106
discrimination_minus20pct,response,operational_adequacy,cooling_setpoint_not_met_occupied_hours,0.5834182057219873,2,Keep,Keep,Yes,Core operational adequacy trigger,0.2510460251046025,0.18828451882845187,0.18410041841004188,0.1673640167364017,0.10460251046025106,0.10460251046025106
discrimination_minus20pct,response,operational_adequacy,heating_unmet_hours,0.2672416406862254,12,Drop,Keep,Yes,Standard-threshold cold-climate operational adequacy trigger,0.2510460251046025,0.18828451882845187,0.18410041841004188,0.1673640167364017,0.10460251046025106,0.10460251046025106
discrimination_minus20pct,response,operational_adequacy,cooling_peak_demand_kw,0.33336664141920225,10,Review,Priority Review,Yes,Peak demand is core operational adequacy evidence,0.2510460251046025,0.18828451882845187,0.18410041841004188,0.1673640167364017,0.10460251046025106,0.10460251046025106
discrimination_minus20pct,response,operational_adequacy,heating_peak_demand_kw,0.2786612463450403,11,Drop,Review,No,Cold-climate peak demand supplementary diagnostic,0.2510460251046025,0.18828451882845187,0.18410041841004188,0.1673640167364017,0.10460251046025106,0.10460251046025106
discrimination_minus20pct,response,energy_burden,annual_cooling_electricity_kwh,0.48303126859753226,4,Keep,Keep,Yes,,0.2510460251046025,0.18828451882845187,0.18410041841004188,0.1673640167364017,0.10460251046025106,0.10460251046025106
discrimination_minus20pct,response,energy_burden,annual_heating_electricity_kwh,0.3443250209443022,9,Review,Review,No,,0.2510460251046025,0.18828451882845187,0.18410041841004188,0.1673640167364017,0.10460251046025106,0.10460251046025106
discrimination_minus20pct,response,durability,indoor_rh_max_pct,0.38121808103006105,8,Review,Supplementary,No,Supplementary only; current data are not sufficient for main durability analysis,0.2510460251046025,0.18828451882845187,0.18410041841004188,0.1673640167364017,0.10460251046025106,0.10460251046025106
discrimination_plus20pct,driver,thermal_shift,annual_mean_drybulb_c,0.657831810225486,3,Keep,Keep,Yes,Driver block representative retained for thermal_shift,0.22988505747126434,0.17241379310344826,0.25287356321839083,0.1532567049808429,0.09578544061302682,0.09578544061302682
discrimination_plus20pct,driver,thermal_shift,summer_mean_drybulb_c,0.596337464408329,5,Keep,Keep,Yes,,0.22988505747126434,0.17241379310344826,0.25287356321839083,0.1532567049808429,0.09578544061302682,0.09578544061302682
discrimination_plus20pct,driver,demand_background,cdd_18,0.7739049572200561,1,Keep,Keep,Yes,Driver block representative retained for demand_background,0.22988505747126434,0.17241379310344826,0.25287356321839083,0.1532567049808429,0.09578544061302682,0.09578544061302682
discrimination_plus20pct,driver,demand_background,hdd_18,0.7273877673099294,2,Keep,Keep,Yes,Driver block representative retained for demand_background,0.22988505747126434,0.17241379310344826,0.25287356321839083,0.1532567049808429,0.09578544061302682,0.09578544061302682
discrimination_plus20pct,driver,humid_heat_stress,maximum_wetbulb_c,0.4948779943129008,8,Review,Keep,Yes,Driver block representative retained for humid_heat_stress,0.22988505747126434,0.17241379310344826,0.25287356321839083,0.1532567049808429,0.09578544061302682,0.09578544061302682
discrimination_plus20pct,driver,solar_burden,annual_ghi_kwh_m2,0.5245233376732461,7,Review,Keep,Yes,Driver block representative retained for solar_burden,0.22988505747126434,0.17241379310344826,0.25287356321839083,0.1532567049808429,0.09578544061302682,0.09578544061302682
discrimination_plus20pct,driver,solar_burden,peak_ghi_w_m2,0.4583746444486599,9,Drop,Drop,No,,0.22988505747126434,0.17241379310344826,0.25287356321839083,0.1532567049808429,0.09578544061302682,0.09578544061302682
discrimination_plus20pct,driver,persistence_heatwave,heatwave_days,0.6471051895009459,4,Keep,Keep,Yes,Driver block representative retained for persistence_heatwave,0.22988505747126434,0.17241379310344826,0.25287356321839083,0.1532567049808429,0.09578544061302682,0.09578544061302682
discrimination_plus20pct,driver,persistence_heatwave,maximum_consecutive_hot_days,0.5247872919276563,6,Review,Review,No,,0.22988505747126434,0.17241379310344826,0.25287356321839083,0.1532567049808429,0.09578544061302682,0.09578544061302682
discrimination_plus20pct,response,habitability,peak_operative_temperature_c,0.466012646211679,7,Review,Review,No,,0.22988505747126434,0.17241379310344826,0.25287356321839083,0.1532567049808429,0.09578544061302682,0.09578544061302682
discrimination_plus20pct,response,habitability,maximum_delta_t_k,0.4713118389519487,6,Keep,Keep,Yes,,0.22988505747126434,0.17241379310344826,0.25287356321839083,0.1532567049808429,0.09578544061302682,0.09578544061302682
discrimination_plus20pct,response,habitability,annual_edh_c_h,0.6529729350609388,1,Keep,Keep,Yes,,0.22988505747126434,0.17241379310344826,0.25287356321839083,0.1532567049808429,0.09578544061302682,0.09578544061302682
discrimination_plus20pct,response,habitability,maximum_daily_edh_k_h,0.5654930259715707,3,Keep,Keep,Yes,,0.22988505747126434,0.17241379310344826,0.25287356321839083,0.1532567049808429,0.09578544061302682,0.09578544061302682
discrimination_plus20pct,response,habitability,daily_edh_exceedance_days,0.5039557745594634,5,Keep,Keep,Yes,,0.22988505747126434,0.17241379310344826,0.25287356321839083,0.1532567049808429,0.09578544061302682,0.09578544061302682
discrimination_plus20pct,response,operational_adequacy,cooling_setpoint_not_met_occupied_hours,0.6048578596187959,2,Keep,Keep,Yes,Core operational adequacy trigger,0.22988505747126434,0.17241379310344826,0.25287356321839083,0.1532567049808429,0.09578544061302682,0.09578544061302682
discrimination_plus20pct,response,operational_adequacy,heating_unmet_hours,0.3125700243269815,12,Drop,Keep,Yes,Standard-threshold cold-climate operational adequacy trigger,0.22988505747126434,0.17241379310344826,0.25287356321839083,0.1532567049808429,0.09578544061302682,0.09578544061302682
discrimination_plus20pct,response,operational_adequacy,cooling_peak_demand_kw,0.38466427575956574,9,Review,Priority Review,Yes,Peak demand is core operational adequacy evidence,0.22988505747126434,0.17241379310344826,0.25287356321839083,0.1532567049808429,0.09578544061302682,0.09578544061302682
discrimination_plus20pct,response,operational_adequacy,heating_peak_demand_kw,0.323453985064777,11,Drop,Review,No,Cold-climate peak demand supplementary diagnostic,0.22988505747126434,0.17241379310344826,0.25287356321839083,0.1532567049808429,0.09578544061302682,0.09578544061302682
discrimination_plus20pct,response,energy_burden,annual_cooling_electricity_kwh,0.52660717699161,4,Keep,Keep,Yes,,0.22988505747126434,0.17241379310344826,0.25287356321839083,0.1532567049808429,0.09578544061302682,0.09578544061302682
discrimination_plus20pct,response,energy_burden,annual_heating_electricity_kwh,0.38755450825637106,8,Review,Review,No,,0.22988505747126434,0.17241379310344826,0.25287356321839083,0.1532567049808429,0.09578544061302682,0.09578544061302682
discrimination_plus20pct,response,durability,indoor_rh_max_pct,0.3490847561922781,10,Review,Supplementary,No,Supplementary only; current data are not sufficient for main durability analysis,0.22988505747126434,0.17241379310344826,0.25287356321839083,0.1532567049808429,0.09578544061302682,0.09578544061302682
coverage_minus20pct,driver,thermal_shift,annual_mean_drybulb_c,0.6362513164727966,3,Keep,Keep,Yes,Driver block representative retained for thermal_shift,0.24793388429752067,0.1859504132231405,0.2272727272727273,0.1322314049586777,0.10330578512396695,0.10330578512396695
coverage_minus20pct,driver,thermal_shift,summer_mean_drybulb_c,0.5721214172654286,5,Keep,Keep,Yes,,0.24793388429752067,0.1859504132231405,0.2272727272727273,0.1322314049586777,0.10330578512396695,0.10330578512396695
coverage_minus20pct,driver,demand_background,cdd_18,0.762744398411353,1,Keep,Keep,Yes,Driver block representative retained for demand_background,0.24793388429752067,0.1859504132231405,0.2272727272727273,0.1322314049586777,0.10330578512396695,0.10330578512396695
coverage_minus20pct,driver,demand_background,hdd_18,0.7119335393406084,2,Keep,Keep,Yes,Driver block representative retained for demand_background,0.24793388429752067,0.1859504132231405,0.2272727272727273,0.1322314049586777,0.10330578512396695,0.10330578512396695
coverage_minus20pct,driver,humid_heat_stress,maximum_wetbulb_c,0.5006742004779634,7,Review,Keep,Yes,Driver block representative retained for humid_heat_stress,0.24793388429752067,0.1859504132231405,0.2272727272727273,0.1322314049586777,0.10330578512396695,0.10330578512396695
coverage_minus20pct,driver,solar_burden,annual_ghi_kwh_m2,0.48719252534180674,8,Review,Keep,Yes,Driver block representative retained for solar_burden,0.24793388429752067,0.1859504132231405,0.2272727272727273,0.1322314049586777,0.10330578512396695,0.10330578512396695
coverage_minus20pct,driver,solar_burden,peak_ghi_w_m2,0.41789710119931633,9,Drop,Drop,No,,0.24793388429752067,0.1859504132231405,0.2272727272727273,0.1322314049586777,0.10330578512396695,0.10330578512396695
coverage_minus20pct,driver,persistence_heatwave,heatwave_days,0.6221483848963898,4,Keep,Keep,Yes,Driver block representative retained for persistence_heatwave,0.24793388429752067,0.1859504132231405,0.2272727272727273,0.1322314049586777,0.10330578512396695,0.10330578512396695
coverage_minus20pct,driver,persistence_heatwave,maximum_consecutive_hot_days,0.5086866923181226,6,Review,Review,No,,0.24793388429752067,0.1859504132231405,0.2272727272727273,0.1322314049586777,0.10330578512396695,0.10330578512396695
coverage_minus20pct,response,habitability,peak_operative_temperature_c,0.4321728783282873,7,Review,Review,No,,0.24793388429752067,0.1859504132231405,0.2272727272727273,0.1322314049586777,0.10330578512396695,0.10330578512396695
coverage_minus20pct,response,habitability,maximum_delta_t_k,0.43653358491421884,6,Keep,Keep,Yes,,0.24793388429752067,0.1859504132231405,0.2272727272727273,0.1322314049586777,0.10330578512396695,0.10330578512396695
coverage_minus20pct,response,habitability,annual_edh_c_h,0.6354938913713037,1,Keep,Keep,Yes,,0.24793388429752067,0.1859504132231405,0.2272727272727273,0.1322314049586777,0.10330578512396695,0.10330578512396695
coverage_minus20pct,response,habitability,maximum_daily_edh_k_h,0.5478402568576816,3,Keep,Keep,Yes,,0.24793388429752067,0.1859504132231405,0.2272727272727273,0.1322314049586777,0.10330578512396695,0.10330578512396695
coverage_minus20pct,response,habitability,daily_edh_exceedance_days,0.47458644671140277,5,Keep,Keep,Yes,,0.24793388429752067,0.1859504132231405,0.2272727272727273,0.1322314049586777,0.10330578512396695,0.10330578512396695
coverage_minus20pct,response,operational_adequacy,cooling_setpoint_not_met_occupied_hours,0.5812083729918609,2,Keep,Keep,Yes,Core operational adequacy trigger,0.24793388429752067,0.1859504132231405,0.2272727272727273,0.1322314049586777,0.10330578512396695,0.10330578512396695
coverage_minus20pct,response,operational_adequacy,heating_unmet_hours,0.3005196869284092,12,Drop,Keep,Yes,Standard-threshold cold-climate operational adequacy trigger,0.24793388429752067,0.1859504132231405,0.2272727272727273,0.1322314049586777,0.10330578512396695,0.10330578512396695
coverage_minus20pct,response,operational_adequacy,cooling_peak_demand_kw,0.3720495935380909,9,Review,Priority Review,Yes,Peak demand is core operational adequacy evidence,0.24793388429752067,0.1859504132231405,0.2272727272727273,0.1322314049586777,0.10330578512396695,0.10330578512396695
coverage_minus20pct,response,operational_adequacy,heating_peak_demand_kw,0.312027950368536,11,Drop,Review,No,Cold-climate peak demand supplementary diagnostic,0.24793388429752067,0.1859504132231405,0.2272727272727273,0.1322314049586777,0.10330578512396695,0.10330578512396695
coverage_minus20pct,response,energy_burden,annual_cooling_electricity_kwh,0.5224978231190505,4,Keep,Keep,Yes,,0.24793388429752067,0.1859504132231405,0.2272727272727273,0.1322314049586777,0.10330578512396695,0.10330578512396695
coverage_minus20pct,response,energy_burden,annual_heating_electricity_kwh,0.3790194352491758,8,Review,Review,No,,0.24793388429752067,0.1859504132231405,0.2272727272727273,0.1322314049586777,0.10330578512396695,0.10330578512396695
coverage_minus20pct,response,durability,indoor_rh_max_pct,0.34343438581068014,10,Review,Supplementary,No,Supplementary only; current data are not sufficient for main durability analysis,0.24793388429752067,0.1859504132231405,0.2272727272727273,0.1322314049586777,0.10330578512396695,0.10330578512396695
coverage_plus20pct,driver,thermal_shift,annual_mean_drybulb_c,0.6588093743659565,3,Keep,Keep,Yes,Driver block representative retained for thermal_shift,0.23255813953488372,0.17441860465116277,0.2131782945736434,0.18604651162790697,0.09689922480620156,0.09689922480620156
coverage_plus20pct,driver,thermal_shift,summer_mean_drybulb_c,0.5986565231714486,5,Keep,Keep,Yes,,0.23255813953488372,0.17441860465116277,0.2131782945736434,0.18604651162790697,0.09689922480620156,0.09689922480620156
coverage_plus20pct,driver,demand_background,cdd_18,0.7774579240912691,1,Keep,Keep,Yes,Driver block representative retained for demand_background,0.23255813953488372,0.17441860465116277,0.2131782945736434,0.18604651162790697,0.09689922480620156,0.09689922480620156
coverage_plus20pct,driver,demand_background,hdd_18,0.7297981260481674,2,Keep,Keep,Yes,Driver block representative retained for demand_background,0.23255813953488372,0.17441860465116277,0.2131782945736434,0.18604651162790697,0.09689922480620156,0.09689922480620156
coverage_plus20pct,driver,humid_heat_stress,maximum_wetbulb_c,0.5316401415335935,7,Review,Keep,Yes,Driver block representative retained for humid_heat_stress,0.23255813953488372,0.17441860465116277,0.2131782945736434,0.18604651162790697,0.09689922480620156,0.09689922480620156
coverage_plus20pct,driver,solar_burden,annual_ghi_kwh_m2,0.5189945392740977,8,Review,Keep,Yes,Driver block representative retained for solar_burden,0.23255813953488372,0.17441860465116277,0.2131782945736434,0.18604651162790697,0.09689922480620156,0.09689922480620156
coverage_plus20pct,driver,solar_burden,peak_ghi_w_m2,0.45399650577610284,9,Drop,Drop,No,,0.23255813953488372,0.17441860465116277,0.2131782945736434,0.18604651162790697,0.09689922480620156,0.09689922480620156
coverage_plus20pct,driver,persistence_heatwave,heatwave_days,0.6455810431973887,4,Keep,Keep,Yes,Driver block representative retained for persistence_heatwave,0.23255813953488372,0.17441860465116277,0.2131782945736434,0.18604651162790697,0.09689922480620156,0.09689922480620156
coverage_plus20pct,driver,persistence_heatwave,maximum_consecutive_hot_days,0.5391557346549831,6,Review,Review,No,,0.23255813953488372,0.17441860465116277,0.2131782945736434,0.18604651162790697,0.09689922480620156,0.09689922480620156
coverage_plus20pct,response,habitability,peak_operative_temperature_c,0.46738696339319974,7,Review,Review,No,,0.23255813953488372,0.17441860465116277,0.2131782945736434,0.18604651162790697,0.09689922480620156,0.09689922480620156
coverage_plus20pct,response,habitability,maximum_delta_t_k,0.47147723856294943,6,Keep,Keep,Yes,,0.23255813953488372,0.17441860465116277,0.2131782945736434,0.18604651162790697,0.09689922480620156,0.09689922480620156
coverage_plus20pct,response,habitability,annual_edh_c_h,0.6580989213637811,1,Keep,Keep,Yes,,0.23255813953488372,0.17441860465116277,0.2131782945736434,0.18604651162790697,0.09689922480620156,0.09689922480620156
coverage_plus20pct,response,habitability,maximum_daily_edh_k_h,0.5758811711610812,3,Keep,Keep,Yes,,0.23255813953488372,0.17441860465116277,0.2131782945736434,0.18604651162790697,0.09689922480620156,0.09689922480620156
coverage_plus20pct,response,habitability,daily_edh_exceedance_days,0.5071702329618584,4,Keep,Keep,Yes,,0.23255813953488372,0.17441860465116277,0.2131782945736434,0.18604651162790697,0.09689922480620156,0.09689922480620156
coverage_plus20pct,response,operational_adequacy,cooling_setpoint_not_met_occupied_hours,0.6071799467598075,2,Keep,Keep,Yes,Core operational adequacy trigger,0.23255813953488372,0.17441860465116277,0.2131782945736434,0.18604651162790697,0.09689922480620156,0.09689922480620156
coverage_plus20pct,response,operational_adequacy,heating_unmet_hours,0.28188280711889546,12,Drop,Keep,Yes,Standard-threshold cold-climate operational adequacy trigger,0.23255813953488372,0.17441860465116277,0.2131782945736434,0.18604651162790697,0.09689922480620156,0.09689922480620156
coverage_plus20pct,response,operational_adequacy,cooling_peak_demand_kw,0.34897675052797666,10,Review,Priority Review,Yes,Peak demand is core operational adequacy evidence,0.23255813953488372,0.17441860465116277,0.2131782945736434,0.18604651162790697,0.09689922480620156,0.09689922480620156
coverage_plus20pct,response,operational_adequacy,heating_peak_demand_kw,0.29267737980304537,11,Drop,Review,No,Cold-climate peak demand supplementary diagnostic,0.23255813953488372,0.17441860465116277,0.2131782945736434,0.18604651162790697,0.09689922480620156,0.09689922480620156
coverage_plus20pct,response,energy_burden,annual_cooling_electricity_kwh,0.4900948573442256,5,Keep,Keep,Yes,,0.23255813953488372,0.17441860465116277,0.2131782945736434,0.18604651162790697,0.09689922480620156,0.09689922480620156
coverage_plus20pct,response,energy_burden,annual_heating_electricity_kwh,0.3555143539934129,9,Review,Review,No,,0.23255813953488372,0.17441860465116277,0.2131782945736434,0.18604651162790697,0.09689922480620156,0.09689922480620156
coverage_plus20pct,response,durability,indoor_rh_max_pct,0.38415163320226586,8,Review,Supplementary,No,Supplementary only; current data are not sufficient for main durability analysis,0.23255813953488372,0.17441860465116277,0.2131782945736434,0.18604651162790697,0.09689922480620156,0.09689922480620156
volatility_minus20pct,driver,thermal_shift,annual_mean_drybulb_c,0.6407053819853746,3,Keep,Keep,Yes,Driver block representative retained for thermal_shift,0.24489795918367344,0.18367346938775508,0.22448979591836732,0.16326530612244897,0.0816326530612245,0.10204081632653061
volatility_minus20pct,driver,thermal_shift,summer_mean_drybulb_c,0.5773927694847603,5,Keep,Keep,Yes,,0.24489795918367344,0.18367346938775508,0.22448979591836732,0.16326530612244897,0.0816326530612245,0.10204081632653061
volatility_minus20pct,driver,demand_background,cdd_18,0.7851880487719869,1,Keep,Keep,Yes,Driver block representative retained for demand_background,0.24489795918367344,0.18367346938775508,0.22448979591836732,0.16326530612244897,0.0816326530612245,0.10204081632653061
volatility_minus20pct,driver,demand_background,hdd_18,0.7358690470221517,2,Keep,Keep,Yes,Driver block representative retained for demand_background,0.24489795918367344,0.18367346938775508,0.22448979591836732,0.16326530612244897,0.0816326530612245,0.10204081632653061
volatility_minus20pct,driver,humid_heat_stress,maximum_wetbulb_c,0.5068583324313098,7,Review,Keep,Yes,Driver block representative retained for humid_heat_stress,0.24489795918367344,0.18367346938775508,0.22448979591836732,0.16326530612244897,0.0816326530612245,0.10204081632653061
volatility_minus20pct,driver,solar_burden,annual_ghi_kwh_m2,0.4991943819280594,8,Review,Keep,Yes,Driver block representative retained for solar_burden,0.24489795918367344,0.18367346938775508,0.22448979591836732,0.16326530612244897,0.0816326530612245,0.10204081632653061
volatility_minus20pct,driver,solar_burden,peak_ghi_w_m2,0.43464491698330754,9,Drop,Drop,No,,0.24489795918367344,0.18367346938775508,0.22448979591836732,0.16326530612244897,0.0816326530612245,0.10204081632653061
volatility_minus20pct,driver,persistence_heatwave,heatwave_days,0.6271800874223075,4,Keep,Keep,Yes,Driver block representative retained for persistence_heatwave,0.24489795918367344,0.18367346938775508,0.22448979591836732,0.16326530612244897,0.0816326530612245,0.10204081632653061
volatility_minus20pct,driver,persistence_heatwave,maximum_consecutive_hot_days,0.5155496691327885,6,Review,Review,No,,0.24489795918367344,0.18367346938775508,0.22448979591836732,0.16326530612244897,0.0816326530612245,0.10204081632653061
volatility_minus20pct,response,habitability,peak_operative_temperature_c,0.43912591169985205,7,Review,Review,No,,0.24489795918367344,0.18367346938775508,0.22448979591836732,0.16326530612244897,0.0816326530612245,0.10204081632653061
volatility_minus20pct,response,habitability,maximum_delta_t_k,0.44343317367037116,6,Keep,Keep,Yes,,0.24489795918367344,0.18367346938775508,0.22448979591836732,0.16326530612244897,0.0816326530612245,0.10204081632653061
volatility_minus20pct,response,habitability,annual_edh_c_h,0.6400795897666642,1,Keep,Keep,Yes,,0.24489795918367344,0.18367346938775508,0.22448979591836732,0.16326530612244897,0.0816326530612245,0.10204081632653061
volatility_minus20pct,response,habitability,maximum_daily_edh_k_h,0.5533826833706749,3,Keep,Keep,Yes,,0.24489795918367344,0.18367346938775508,0.22448979591836732,0.16326530612244897,0.0816326530612245,0.10204081632653061
volatility_minus20pct,response,habitability,daily_edh_exceedance_days,0.48102443631691866,5,Keep,Keep,Yes,,0.24489795918367344,0.18367346938775508,0.22448979591836732,0.16326530612244897,0.0816326530612245,0.10204081632653061
volatility_minus20pct,response,operational_adequacy,cooling_setpoint_not_met_occupied_hours,0.586474503152623,2,Keep,Keep,Yes,Core operational adequacy trigger,0.24489795918367344,0.18367346938775508,0.22448979591836732,0.16326530612244897,0.0816326530612245,0.10204081632653061
volatility_minus20pct,response,operational_adequacy,heating_unmet_hours,0.2764931384492732,12,Drop,Keep,Yes,Standard-threshold cold-climate operational adequacy trigger,0.24489795918367344,0.18367346938775508,0.22448979591836732,0.16326530612244897,0.0816326530612245,0.10204081632653061
volatility_minus20pct,response,operational_adequacy,cooling_peak_demand_kw,0.34709802741567436,10,Review,Priority Review,Yes,Peak demand is core operational adequacy evidence,0.24489795918367344,0.18367346938775508,0.22448979591836732,0.16326530612244897,0.0816326530612245,0.10204081632653061
volatility_minus20pct,response,operational_adequacy,heating_peak_demand_kw,0.287861477224555,11,Drop,Review,No,Cold-climate peak demand supplementary diagnostic,0.24489795918367344,0.18367346938775508,0.22448979591836732,0.16326530612244897,0.0816326530612245,0.10204081632653061
volatility_minus20pct,response,energy_burden,annual_cooling_electricity_kwh,0.516099890591062,4,Keep,Keep,Yes,,0.24489795918367344,0.18367346938775508,0.22448979591836732,0.16326530612244897,0.0816326530612245,0.10204081632653061
volatility_minus20pct,response,energy_burden,annual_heating_electricity_kwh,0.3655449129170579,8,Review,Review,No,,0.24489795918367344,0.18367346938775508,0.22448979591836732,0.16326530612244897,0.0816326530612245,0.10204081632653061
volatility_minus20pct,response,durability,indoor_rh_max_pct,0.35149111197110583,9,Review,Supplementary,No,Supplementary only; current data are not sufficient for main durability analysis,0.24489795918367344,0.18367346938775508,0.22448979591836732,0.16326530612244897,0.0816326530612245,0.10204081632653061
volatility_plus20pct,driver,thermal_shift,annual_mean_drybulb_c,0.6547953670055561,3,Keep,Keep,Yes,Driver block representative retained for thermal_shift,0.23529411764705882,0.1764705882352941,0.21568627450980393,0.1568627450980392,0.11764705882352941,0.09803921568627451
volatility_plus20pct,driver,thermal_shift,summer_mean_drybulb_c,0.5939040683635342,5,Keep,Keep,Yes,,0.23529411764705882,0.1764705882352941,0.21568627450980393,0.1568627450980392,0.11764705882352941,0.09803921568627451
volatility_plus20pct,driver,demand_background,cdd_18,0.7560675171841492,1,Keep,Keep,Yes,Driver block representative retained for demand_background,0.23529411764705882,0.1764705882352941,0.21568627450980393,0.1568627450980392,0.11764705882352941,0.09803921568627451
volatility_plus20pct,driver,demand_background,hdd_18,0.7070114373350086,2,Keep,Keep,Yes,Driver block representative retained for demand_background,0.23529411764705882,0.1764705882352941,0.21568627450980393,0.1568627450980392,0.11764705882352941,0.09803921568627451
volatility_plus20pct,driver,humid_heat_stress,maximum_wetbulb_c,0.5260628297476994,7,Review,Keep,Yes,Driver block representative retained for humid_heat_stress,0.23529411764705882,0.1764705882352941,0.21568627450980393,0.1568627450980392,0.11764705882352941,0.09803921568627451
volatility_plus20pct,driver,solar_burden,annual_ghi_kwh_m2,0.5078374850708229,8,Review,Keep,Yes,Driver block representative retained for solar_burden,0.23529411764705882,0.1764705882352941,0.21568627450980393,0.1568627450980392,0.11764705882352941,0.09803921568627451
volatility_plus20pct,driver,solar_burden,peak_ghi_w_m2,0.4383301659590539,9,Drop,Drop,No,,0.23529411764705882,0.1764705882352941,0.21568627450980393,0.1568627450980392,0.11764705882352941,0.09803921568627451
volatility_plus20pct,driver,persistence_heatwave,heatwave_days,0.6410223406721068,4,Keep,Keep,Yes,Driver block representative retained for persistence_heatwave,0.23529411764705882,0.1764705882352941,0.21568627450980393,0.1568627450980392,0.11764705882352941,0.09803921568627451
volatility_plus20pct,driver,persistence_heatwave,maximum_consecutive_hot_days,0.5329203535076004,6,Review,Review,No,,0.23529411764705882,0.1764705882352941,0.21568627450980393,0.1568627450980392,0.11764705882352941,0.09803921568627451
volatility_plus20pct,response,habitability,peak_operative_temperature_c,0.4611208813506954,7,Review,Review,No,,0.23529411764705882,0.1764705882352941,0.21568627450980393,0.1568627450980392,0.11764705882352941,0.09803921568627451
volatility_plus20pct,response,habitability,maximum_delta_t_k,0.46525932372251355,6,Keep,Keep,Yes,,0.23529411764705882,0.1764705882352941,0.21568627450980393,0.1568627450980392,0.11764705882352941,0.09803921568627451
volatility_plus20pct,response,habitability,annual_edh_c_h,0.6539589958073656,1,Keep,Keep,Yes,,0.23529411764705882,0.1764705882352941,0.21568627450980393,0.1568627450980392,0.11764705882352941,0.09803921568627451
volatility_plus20pct,response,habitability,maximum_daily_edh_k_h,0.5708859878168728,3,Keep,Keep,Yes,,0.23529411764705882,0.1764705882352941,0.21568627450980393,0.1568627450980392,0.11764705882352941,0.09803921568627451
volatility_plus20pct,response,habitability,daily_edh_exceedance_days,0.5013680521987209,4,Keep,Keep,Yes,,0.23529411764705882,0.1764705882352941,0.21568627450980393,0.1568627450980392,0.11764705882352941,0.09803921568627451
volatility_plus20pct,response,operational_adequacy,cooling_setpoint_not_met_occupied_hours,0.6024258794339924,2,Keep,Keep,Yes,Core operational adequacy trigger,0.23529411764705882,0.1764705882352941,0.21568627450980393,0.1568627450980392,0.11764705882352941,0.09803921568627451
volatility_plus20pct,response,operational_adequacy,heating_unmet_hours,0.30474788060109065,12,Drop,Keep,Yes,Standard-threshold cold-climate operational adequacy trigger,0.23529411764705882,0.1764705882352941,0.21568627450980393,0.1568627450980392,0.11764705882352941,0.09803921568627451
volatility_plus20pct,response,operational_adequacy,cooling_peak_demand_kw,0.372678378649395,9,Review,Priority Review,Yes,Peak demand is core operational adequacy evidence,0.23529411764705882,0.1764705882352941,0.21568627450980393,0.1568627450980392,0.11764705882352941,0.09803921568627451
volatility_plus20pct,response,operational_adequacy,heating_peak_demand_kw,0.3156684943464919,11,Drop,Review,No,Cold-climate peak demand supplementary diagnostic,0.23529411764705882,0.1764705882352941,0.21568627450980393,0.1568627450980392,0.11764705882352941,0.09803921568627451
volatility_plus20pct,response,energy_burden,annual_cooling_electricity_kwh,0.4958606791953341,5,Keep,Keep,Yes,,0.23529411764705882,0.1764705882352941,0.21568627450980393,0.1568627450980392,0.11764705882352941,0.09803921568627451
volatility_plus20pct,response,energy_burden,annual_heating_electricity_kwh,0.36818393331734073,10,Review,Review,No,,0.23529411764705882,0.1764705882352941,0.21568627450980393,0.1568627450980392,0.11764705882352941,0.09803921568627451
volatility_plus20pct,response,durability,indoor_rh_max_pct,0.376889883527248,8,Review,Supplementary,No,Supplementary only; current data are not sufficient for main durability analysis,0.23529411764705882,0.1764705882352941,0.21568627450980393,0.1568627450980392,0.11764705882352941,0.09803921568627451
uniqueness_minus20pct,driver,thermal_shift,annual_mean_drybulb_c,0.6583891525512677,3,Keep,Keep,Yes,Driver block representative retained for thermal_shift,0.24489795918367346,0.1836734693877551,0.22448979591836735,0.163265306122449,0.10204081632653061,0.08163265306122451
uniqueness_minus20pct,driver,thermal_shift,summer_mean_drybulb_c,0.5950445174158265,5,Keep,Keep,Yes,,0.24489795918367346,0.1836734693877551,0.22448979591836735,0.163265306122449,0.10204081632653061,0.08163265306122451
uniqueness_minus20pct,driver,demand_background,cdd_18,0.7822265152625126,1,Keep,Keep,Yes,Driver block representative retained for demand_background,0.24489795918367346,0.1836734693877551,0.22448979591836735,0.163265306122449,0.10204081632653061,0.08163265306122451
uniqueness_minus20pct,driver,demand_background,hdd_18,0.7320378299763077,2,Keep,Keep,Yes,Driver block representative retained for demand_background,0.24489795918367346,0.1836734693877551,0.22448979591836735,0.163265306122449,0.10204081632653061,0.08163265306122451
uniqueness_minus20pct,driver,humid_heat_stress,maximum_wetbulb_c,0.5067883939414984,8,Review,Keep,Yes,Driver block representative retained for humid_heat_stress,0.24489795918367346,0.1836734693877551,0.22448979591836735,0.163265306122449,0.10204081632653061,0.08163265306122451
uniqueness_minus20pct,driver,solar_burden,annual_ghi_kwh_m2,0.5130186669956132,7,Review,Keep,Yes,Driver block representative retained for solar_burden,0.24489795918367346,0.1836734693877551,0.22448979591836735,0.163265306122449,0.10204081632653061,0.08163265306122451
uniqueness_minus20pct,driver,solar_burden,peak_ghi_w_m2,0.444571758250786,9,Drop,Drop,No,,0.24489795918367346,0.1836734693877551,0.22448979591836735,0.163265306122449,0.10204081632653061,0.08163265306122451
uniqueness_minus20pct,driver,persistence_heatwave,heatwave_days,0.6471833026323524,4,Keep,Keep,Yes,Driver block representative retained for persistence_heatwave,0.24489795918367346,0.1836734693877551,0.22448979591836735,0.163265306122449,0.10204081632653061,0.08163265306122451
uniqueness_minus20pct,driver,persistence_heatwave,maximum_consecutive_hot_days,0.5351109369019822,6,Review,Review,No,,0.24489795918367346,0.1836734693877551,0.22448979591836735,0.163265306122449,0.10204081632653061,0.08163265306122451
uniqueness_minus20pct,response,habitability,peak_operative_temperature_c,0.4595340267569206,7,Review,Review,No,,0.24489795918367346,0.1836734693877551,0.22448979591836735,0.163265306122449,0.10204081632653061,0.08163265306122451
uniqueness_minus20pct,response,habitability,maximum_delta_t_k,0.4638413369356774,6,Keep,Keep,Yes,,0.24489795918367346,0.1836734693877551,0.22448979591836735,0.163265306122449,0.10204081632653061,0.08163265306122451
uniqueness_minus20pct,response,habitability,annual_edh_c_h,0.6533208919145569,1,Keep,Keep,Yes,,0.24489795918367346,0.1836734693877551,0.22448979591836735,0.163265306122449,0.10204081632653061,0.08163265306122451
uniqueness_minus20pct,response,habitability,maximum_daily_edh_k_h,0.5698776336182749,3,Keep,Keep,Yes,,0.24489795918367346,0.1836734693877551,0.22448979591836735,0.163265306122449,0.10204081632653061,0.08163265306122451
uniqueness_minus20pct,response,habitability,daily_edh_exceedance_days,0.4975110887448111,5,Keep,Keep,Yes,,0.24489795918367346,0.1836734693877551,0.22448979591836735,0.163265306122449,0.10204081632653061,0.08163265306122451
uniqueness_minus20pct,response,operational_adequacy,cooling_setpoint_not_met_occupied_hours,0.6015935322149859,2,Keep,Keep,Yes,Core operational adequacy trigger,0.24489795918367346,0.1836734693877551,0.22448979591836735,0.163265306122449,0.10204081632653061,0.08163265306122451
uniqueness_minus20pct,response,operational_adequacy,heating_unmet_hours,0.2940588115963602,12,Drop,Keep,Yes,Standard-threshold cold-climate operational adequacy trigger,0.24489795918367346,0.1836734693877551,0.22448979591836735,0.163265306122449,0.10204081632653061,0.08163265306122451
uniqueness_minus20pct,response,operational_adequacy,cooling_peak_demand_kw,0.35856388609407425,9,Review,Priority Review,Yes,Peak demand is core operational adequacy evidence,0.24489795918367346,0.1836734693877551,0.22448979591836735,0.163265306122449,0.10204081632653061,0.08163265306122451
uniqueness_minus20pct,response,operational_adequacy,heating_peak_demand_kw,0.30542615752497526,11,Drop,Review,No,Cold-climate peak demand supplementary diagnostic,0.24489795918367346,0.1836734693877551,0.22448979591836735,0.163265306122449,0.10204081632653061,0.08163265306122451
uniqueness_minus20pct,response,energy_burden,annual_cooling_electricity_kwh,0.5107334786842205,4,Keep,Keep,Yes,,0.24489795918367346,0.1836734693877551,0.22448979591836735,0.163265306122449,0.10204081632653061,0.08163265306122451
uniqueness_minus20pct,response,energy_burden,annual_heating_electricity_kwh,0.3690119690331606,8,Review,Review,No,,0.24489795918367346,0.1836734693877551,0.22448979591836735,0.163265306122449,0.10204081632653061,0.08163265306122451
uniqueness_minus20pct,response,durability,indoor_rh_max_pct,0.35147396475993714,10,Review,Supplementary,No,Supplementary only; current data are not sufficient for main durability analysis,0.24489795918367346,0.1836734693877551,0.22448979591836735,0.163265306122449,0.10204081632653061,0.08163265306122451
uniqueness_plus20pct,driver,thermal_shift,annual_mean_drybulb_c,0.6378050776383256,3,Keep,Keep,Yes,Driver block representative retained for thermal_shift,0.23529411764705882,0.1764705882352941,0.21568627450980393,0.1568627450980392,0.09803921568627451,0.11764705882352941
uniqueness_plus20pct,driver,thermal_shift,summer_mean_drybulb_c,0.5769445458415293,5,Keep,Keep,Yes,,0.23529411764705882,0.1764705882352941,0.21568627450980393,0.1568627450980392,0.09803921568627451,0.11764705882352941
uniqueness_plus20pct,driver,demand_background,cdd_18,0.7589129121246246,1,Keep,Keep,Yes,Driver block representative retained for demand_background,0.23529411764705882,0.1764705882352941,0.21568627450980393,0.1568627450980392,0.09803921568627451,0.11764705882352941
uniqueness_plus20pct,driver,demand_background,hdd_18,0.7106924105751334,2,Keep,Keep,Yes,Driver block representative retained for demand_background,0.23529411764705882,0.1764705882352941,0.21568627450980393,0.1568627450980392,0.09803921568627451,0.11764705882352941
uniqueness_plus20pct,driver,humid_heat_stress,maximum_wetbulb_c,0.5261300255516358,6,Review,Keep,Yes,Driver block representative retained for humid_heat_stress,0.23529411764705882,0.1764705882352941,0.21568627450980393,0.1568627450980392,0.09803921568627451,0.11764705882352941
uniqueness_plus20pct,driver,solar_burden,annual_ghi_kwh_m2,0.49455532882944786,8,Review,Keep,Yes,Driver block representative retained for solar_burden,0.23529411764705882,0.1764705882352941,0.21568627450980393,0.1568627450980392,0.09803921568627451,0.11764705882352941
uniqueness_plus20pct,driver,solar_burden,peak_ghi_w_m2,0.4287926125844178,9,Drop,Drop,No,,0.23529411764705882,0.1764705882352941,0.21568627450980393,0.1568627450980392,0.09803921568627451,0.11764705882352941
uniqueness_plus20pct,driver,persistence_heatwave,heatwave_days,0.6218035652742208,4,Keep,Keep,Yes,Driver block representative retained for persistence_heatwave,0.23529411764705882,0.1764705882352941,0.21568627450980393,0.1568627450980392,0.09803921568627451,0.11764705882352941
uniqueness_plus20pct,driver,persistence_heatwave,maximum_consecutive_hot_days,0.514126194278375,7,Review,Review,No,,0.23529411764705882,0.1764705882352941,0.21568627450980393,0.1568627450980392,0.09803921568627451,0.11764705882352941
uniqueness_plus20pct,response,habitability,peak_operative_temperature_c,0.44151308453115895,7,Review,Review,No,,0.23529411764705882,0.1764705882352941,0.21568627450980393,0.1568627450980392,0.09803921568627451,0.11764705882352941
uniqueness_plus20pct,response,habitability,maximum_delta_t_k,0.4456514805852586,6,Keep,Keep,Yes,,0.23529411764705882,0.1764705882352941,0.21568627450980393,0.1568627450980392,0.09803921568627451,0.11764705882352941
uniqueness_plus20pct,response,habitability,annual_edh_c_h,0.641236960410371,1,Keep,Keep,Yes,,0.23529411764705882,0.1764705882352941,0.21568627450980393,0.1568627450980392,0.09803921568627451,0.11764705882352941
uniqueness_plus20pct,response,habitability,maximum_daily_edh_k_h,0.5550378983632962,3,Keep,Keep,Yes,,0.23529411764705882,0.1764705882352941,0.21568627450980393,0.1568627450980392,0.09803921568627451,0.11764705882352941
uniqueness_plus20pct,response,habitability,daily_edh_exceedance_days,0.4855279351601577,5,Keep,Keep,Yes,,0.23529411764705882,0.1764705882352941,0.21568627450980393,0.1568627450980392,0.09803921568627451,0.11764705882352941
uniqueness_plus20pct,response,operational_adequacy,cooling_setpoint_not_met_occupied_hours,0.5878997534721143,2,Keep,Keep,Yes,Core operational adequacy trigger,0.23529411764705882,0.1764705882352941,0.21568627450980393,0.1568627450980392,0.09803921568627451,0.11764705882352941
uniqueness_plus20pct,response,operational_adequacy,heating_unmet_hours,0.28787105738134033,12,Drop,Keep,Yes,Standard-threshold cold-climate operational adequacy trigger,0.23529411764705882,0.1764705882352941,0.21568627450980393,0.1568627450980392,0.09803921568627451,0.11764705882352941
uniqueness_plus20pct,response,operational_adequacy,cooling_peak_demand_kw,0.3616621614877953,10,Review,Priority Review,Yes,Peak demand is core operational adequacy evidence,0.23529411764705882,0.1764705882352941,0.21568627450980393,0.1568627450980392,0.09803921568627451,0.11764705882352941
uniqueness_plus20pct,response,operational_adequacy,heating_peak_demand_kw,0.298792625038245,11,Drop,Review,No,Cold-climate peak demand supplementary diagnostic,0.23529411764705882,0.1764705882352941,0.21568627450980393,0.1568627450980392,0.09803921568627451,0.11764705882352941
uniqueness_plus20pct,response,energy_burden,annual_cooling_electricity_kwh,0.5010166435764172,4,Keep,Keep,Yes,,0.23529411764705882,0.1764705882352941,0.21568627450980393,0.1568627450980392,0.09803921568627451,0.11764705882352941
uniqueness_plus20pct,response,energy_burden,annual_heating_electricity_kwh,0.36485284018618325,9,Review,Review,No,,0.23529411764705882,0.1764705882352941,0.21568627450980393,0.1568627450980392,0.09803921568627451,0.11764705882352941
uniqueness_plus20pct,response,durability,indoor_rh_max_pct,0.37690635829876307,8,Review,Supplementary,No,Supplementary only; current data are not sufficient for main durability analysis,0.23529411764705882,0.1764705882352941,0.21568627450980393,0.1568627450980392,0.09803921568627451,0.11764705882352941
