city,metric,slope_per_year,normalized_slope,r2,p_value,mean,std,abs_norm_slope
Phoenix,outdoor_wetbulb_c_min,0.0538615,0.332241,0.349225,1.91055e-08,-0.162115,1.99945,0.332241
Los_Angeles,rep_zone_sensible_heating_rate_mean_kw,-2.16906e-06,-0.0723677,0.047788,0.0578038,2.99728e-05,0.000217669,0.0723677
Los_Angeles,rep_zone_sensible_heating_energy_total_kwh,-0.019001,-0.0723677,0.047788,0.0578038,0.262561,1.90678,0.0723677
Los_Angeles,outdoor_wetbulb_c_min,0.0542099,0.0679345,0.236686,8.35514e-06,0.797972,2.44443,0.0679345
Los_Angeles,rep_zone_sensible_heating_rate_max_kw,-0.0186266,-0.0666564,0.0535653,0.0442595,0.279443,1.76554,0.0666564
Los_Angeles,rep_zone_sensible_heating_energy_peak_timestep_kwh,-0.00310444,-0.0666564,0.0535653,0.0442595,0.0465738,0.294257,0.0666564
Vancouver,annual_edh_c_h,0.00988242,0.0460586,0.0997856,0.00543971,0.214562,0.686301,0.0460586
Vancouver,daily_edh_max_k_h,0.00421311,0.0428236,0.125588,0.00168455,0.0983829,0.260804,0.0428236
Vancouver,delta_t_max_k,0.00130736,0.0420674,0.151669,0.000506649,0.0310776,0.0736428,0.0420674
Phoenix,rep_zone_sensible_heating_rate_mean_kw,-3.25752e-05,-0.0350641,0.131892,0.00126229,0.000929019,0.00196772,0.0350641
Phoenix,rep_zone_sensible_heating_energy_total_kwh,-0.285359,-0.0350641,0.131892,0.00126229,8.1382,17.2372,0.0350641
Phoenix,facility_heating_setpoint_not_met_time_total_hours,-0.305523,-0.0337824,0.428833,1.38881e-10,9.04386,10.2349,0.0337824
Phoenix,abups_occupied_heating_not_met_hours,-0.29843,-0.0336184,0.422145,2.15233e-10,8.87697,10.0762,0.0336184
Phoenix,facility_heating_setpoint_not_met_occupied_time_total_hours,-0.298437,-0.0336184,0.42213,2.15447e-10,8.87719,10.0766,0.0336184
Los_Angeles,facility_heating_setpoint_not_met_time_total_hours,-0.167904,-0.0303947,0.476097,5.41034e-12,5.52412,5.33824,0.0303947
Phoenix,rep_zone_sensible_heating_energy_peak_timestep_kwh,-0.0240932,-0.0302301,0.204826,4.04882e-05,0.796994,1.16785,0.0302301
Phoenix,rep_zone_sensible_heating_rate_max_kw,-0.144559,-0.0302301,0.204826,4.04882e-05,4.78196,7.00709,0.0302301
Los_Angeles,facility_heating_setpoint_not_met_occupied_time_total_hours,-0.163723,-0.0300312,0.467713,9.81685e-12,5.45175,5.25176,0.0300312
Los_Angeles,abups_occupied_heating_not_met_hours,-0.163703,-0.0300271,0.467647,9.86275e-12,5.45184,5.2515,0.0300271
Phoenix,abups_occupied_cooling_not_met_hours,2.21505,0.0226756,0.761528,9.73748e-25,97.6843,55.6835,0.0226756
Phoenix,facility_cooling_setpoint_not_met_occupied_time_total_hours,2.21505,0.0226756,0.761528,9.73645e-25,97.6842,55.6833,0.0226756
Phoenix,heating_electricity_annual_gj,-0.391109,-0.0213212,0.61391,5.96695e-17,18.3437,10.9504,0.0213212
Phoenix,heating_electricity_annual_kwh,-108.641,-0.0213212,0.61391,5.96695e-17,5095.47,3041.79,0.0213212
Los_Angeles,heating_electricity_annual_kwh,-20.3383,-0.0198862,0.585442,8.48842e-16,1022.73,583.12,0.0198862
Los_Angeles,heating_electricity_annual_gj,-0.0732178,-0.0198862,0.585442,8.48842e-16,3.68184,2.09923,0.0198862
Phoenix,facility_cooling_setpoint_not_met_time_total_hours,4.71225,0.0184952,0.732541,6.91653e-23,254.783,120.781,0.0184952
Phoenix,facility_heating_setpoint_not_met_occupied_time_max_timestep_hours,-0.00216906,-0.0183165,0.396302,1.11904e-09,0.118421,0.0755864,0.0183165
Phoenix,facility_heating_setpoint_not_met_time_max_timestep_hours,-0.00216906,-0.0183165,0.396302,1.11904e-09,0.118421,0.0755864,0.0183165
Vancouver,outdoor_drybulb_c_min,0.0431716,0.0171782,0.131252,0.0012999,-2.51316,2.61415,0.0171782
Los_Angeles,daily_edh_exceed_6kh_count,0.0618455,0.0159873,0.242584,6.20093e-06,3.86842,2.75462,0.0159873
Miami,facility_heating_setpoint_not_met_time_total_hours,-0.0511483,-0.0153748,0.173423,0.00018273,3.32675,2.69441,0.0153748
Miami,facility_heating_setpoint_not_met_occupied_time_total_hours,-0.0511483,-0.0153748,0.173423,0.00018273,3.32675,2.69441,0.0153748
Miami,heating_electricity_annual_gj,-0.0075926,-0.0152748,0.262614,2.60024e-06,0.497067,0.320748,0.0152748
Miami,heating_electricity_annual_kwh,-2.10906,-0.0152748,0.262614,2.60024e-06,138.074,89.0967,0.0152748
Miami,abups_occupied_heating_not_met_hours,-0.0492535,-0.0150273,0.158482,0.00040451,3.2776,2.67842,0.0150273
Phoenix,outdoor_drybulb_c_min,0.0678537,0.0149866,0.413656,3.72753e-10,4.52763,2.31441,0.0149866
Vancouver,facility_heating_setpoint_not_met_time_total_hours,-3.47577,-0.01443,0.636221,6.48376e-18,240.871,95.5945,0.01443
Vancouver,abups_occupied_heating_not_met_hours,-3.22863,-0.0141742,0.640288,4.26436e-18,227.781,88.5148,0.0141742
Vancouver,facility_heating_setpoint_not_met_occupied_time_total_hours,-3.22861,-0.0141742,0.640288,4.26417e-18,227.781,88.5142,0.0141742
Vancouver,cooling_electricity_annual_kwh,177.536,0.0133322,0.762232,8.72388e-25,13316.3,4460.95,0.0133322
Vancouver,cooling_electricity_annual_gj,0.639128,0.0133322,0.762232,8.72388e-25,47.9388,16.0594,0.0133322
Los_Angeles,outdoor_drybulb_c_min,0.0581996,0.0132074,0.316613,1.22088e-07,4.40658,2.26903,0.0132074
Los_Angeles,annual_edh_c_h,2.87452,0.0129672,0.590361,5.43585e-16,221.676,82.0713,0.0129672
Los_Angeles,facility_cooling_setpoint_not_met_occupied_time_total_hours,4.88224,0.0128779,0.684327,3.29171e-20,379.118,129.471,0.0128779
Los_Angeles,abups_occupied_cooling_not_met_hours,4.88223,0.0128779,0.684324,3.29262e-20,379.118,129.471,0.0128779
Los_Angeles,facility_cooling_setpoint_not_met_time_total_hours,5.01657,0.0125162,0.684608,3.1843e-20,400.805,133.006,0.0125162
Los_Angeles,heating_electricity_peak_kw,-0.656839,-0.0123791,0.245496,5.34828e-06,53.0603,29.0819,0.0123791
Los_Angeles,heating_electricity_peak_w,-656.839,-0.0123791,0.245496,5.34828e-06,53060.3,29081.9,0.0123791
Phoenix,abups_time_not_comfortable_simple_ashrae55_hours,-8.96948,-0.0118878,0.558723,8.75323e-15,754.513,263.242,0.0118878
Phoenix,heating_electricity_peak_w,-1332.36,-0.0114082,0.300475,2.9665e-07,116790,53321.5,0.0114082
Phoenix,heating_electricity_peak_kw,-1.33236,-0.0114082,0.300475,2.9665e-07,116.79,53.3215,0.0114082
Vancouver,cooling_electricity_peak_w,206.835,0.0103349,0.558129,9.20485e-15,20013.2,6073.53,0.0103349
Vancouver,cooling_electricity_peak_kw,0.206835,0.0103349,0.558129,9.20485e-15,20.0132,6.07353,0.0103349
Toronto,daily_edh_exceed_6kh_count,0.0101982,0.00993673,0.0793357,0.0137037,1.02632,0.794284,0.00993673
Montreal,daily_edh_exceed_6kh_count,0.0124812,0.00958153,0.0889712,0.00886757,1.30263,0.917946,0.00958153
Miami,facility_cooling_setpoint_not_met_time_total_hours,12.1398,0.00957573,0.860578,2.17648e-33,1267.77,287.079,0.00957573
Miami,facility_cooling_setpoint_not_met_occupied_time_total_hours,11.5149,0.00948543,0.857416,5.00001e-33,1213.96,272.804,0.00948543
Miami,abups_occupied_cooling_not_met_hours,10.8923,0.00887427,0.901304,1.91749e-38,1227.4,248.379,0.00887427
Vancouver,heating_electricity_annual_gj,-1.85852,-0.00879148,0.649999,1.53789e-18,211.4,50.5703,0.00879148
Vancouver,heating_electricity_annual_kwh,-516.254,-0.00879148,0.649999,1.53789e-18,58722.1,14047.3,0.00879148
Los_Angeles,facility_heating_setpoint_not_met_occupied_time_max_timestep_hours,-0.00120529,-0.00845554,0.203317,4.35736e-05,0.142544,0.0586392,0.00845554
Los_Angeles,facility_heating_setpoint_not_met_time_max_timestep_hours,-0.00120529,-0.00845554,0.203317,4.35736e-05,0.142544,0.0586392,0.00845554
Los_Angeles,cooling_electricity_annual_kwh,737.22,0.00839436,0.716009,6.43336e-22,87823.2,19112.7,0.00839436
Los_Angeles,cooling_electricity_annual_gj,2.65399,0.00839436,0.716009,6.43336e-22,316.164,68.8059,0.00839436
Montreal,outdoor_drybulb_c_min,0.142258,0.00813884,0.508541,4.92453e-13,-17.4789,4.37623,0.00813884
Montreal,rep_zone_humidity_ratio_min,8.93351e-06,0.00808493,0.488987,2.12517e-12,0.00110496,0.000280258,0.00808493
Vancouver,outdoor_wetbulb_c_min,0.0353364,0.00796301,0.110132,0.00340456,-4.43757,2.33589,0.00796301
Miami,daily_edh_exceed_6kh_count,-0.00679426,-0.00794406,0.0574122,0.0370954,0.855263,0.62205,0.00794406
Montreal,outdoor_wetbulb_c_min,0.136925,0.00762546,0.520058,2.02619e-13,-17.9563,4.16527,0.00762546
Toronto,outdoor_drybulb_c_min,0.0808271,0.00739302,0.383793,2.42627e-09,-10.9329,2.86216,0.00739302
Montreal,facility_heating_setpoint_not_met_time_total_hours,-2.92299,-0.0072743,0.722131,2.86047e-22,401.825,75.458,0.0072743
Miami,heating_electricity_peak_kw,-0.137549,-0.00709256,0.100727,0.00552846,19.3934,9.38245,0.00709256
Miami,heating_electricity_peak_w,-137.549,-0.00709256,0.100727,0.00552846,19393.4,9382.45,0.00709256
Montreal,rep_zone_rh_pct_min,0.0472613,0.00703323,0.465757,1.12663e-11,6.71971,1.51919,0.00703323
Toronto,abups_occupied_cooling_not_met_hours,1.04502,0.006949,0.481217,3.74275e-12,150.384,33.0474,0.006949
Toronto,facility_cooling_setpoint_not_met_occupied_time_total_hours,1.04501,0.00694896,0.481212,3.74403e-12,150.384,33.0474,0.00694896
Montreal,heating_electricity_annual_gj,-1.47209,-0.00689874,0.709103,1.57229e-21,213.385,38.3499,0.00689874
Montreal,heating_electricity_annual_kwh,-408.913,-0.00689874,0.709103,1.57229e-21,59273.6,10652.7,0.00689874
Los_Angeles,electricity_hvac_annual_kwh,856.764,0.00689743,0.698894,5.67345e-21,124215,22482.3,0.00689743
Los_Angeles,electricity_hvac_annual_gj,3.08435,0.00689743,0.698894,5.67345e-21,447.174,80.9363,0.00689743
Los_Angeles,facility_hvac_electricity_demand_rate_mean_kw,0.0978044,0.00689518,0.698896,5.6722e-21,14.1845,2.56648,0.00689518
Los_Angeles,abups_time_not_comfortable_simple_ashrae55_hours,8.56093,0.00686097,0.62537,1.93958e-17,1247.77,237.486,0.00686097
Montreal,abups_occupied_cooling_not_met_hours,1.01761,0.00684226,0.466847,1.04348e-11,148.724,32.6721,0.00684226
Montreal,facility_cooling_setpoint_not_met_occupied_time_total_hours,1.01759,0.00684218,0.466849,1.04336e-11,148.724,32.6717,0.00684218
Montreal,cooling_electricity_annual_kwh,344.523,0.00664135,0.725266,1.87589e-22,51875.4,8874.72,0.00664135
Montreal,cooling_electricity_annual_gj,1.24028,0.00664135,0.725266,1.87589e-22,186.752,31.949,0.00664135
Toronto,outdoor_wetbulb_c_min,0.0763214,0.00649084,0.405714,6.18814e-10,-11.7583,2.62858,0.00649084
Montreal,facility_cooling_setpoint_not_met_time_total_hours,1.12612,0.00643774,0.46781,9.75005e-12,174.925,36.1191,0.00643774
Montreal,annual_edh_c_h,1.35635,0.00643591,0.586669,7.59899e-16,210.747,38.8473,0.00643591
Montreal,rep_zone_sensible_heating_rate_mean_kw,-5.17214e-05,-0.0063524,0.0719765,0.0191181,0.00814202,0.00422922,0.0063524
Montreal,rep_zone_sensible_heating_energy_total_kwh,-0.453079,-0.0063524,0.0719765,0.0191181,71.3241,37.0479,0.0063524
Montreal,outdoor_wetbulb_c_mean,0.0447316,0.00616031,0.868852,2.25304e-34,7.26125,1.05275,0.00616031
Phoenix,electricity_hvac_peak_w,-827.885,-0.0061584,0.188084,9.09185e-05,134432,41877.4,0.0061584
Phoenix,electricity_hvac_peak_kw,-0.827885,-0.0061584,0.188084,9.09185e-05,134.432,41.8774,0.0061584
Phoenix,facility_hvac_electricity_demand_rate_max_kw,-0.827885,-0.00615809,0.188084,9.09184e-05,134.439,41.8774,0.00615809
Toronto,facility_cooling_setpoint_not_met_time_total_hours,1.1271,0.00608885,0.46907,8.91978e-12,185.11,36.1019,0.00608885
Phoenix,cooling_electricity_annual_kwh,690.223,0.00604597,0.815808,6.66486e-29,114162,16764.1,0.00604597
Phoenix,cooling_electricity_annual_gj,2.4848,0.00604597,0.815808,6.66486e-29,410.985,60.3509,0.00604597
Toronto,facility_heating_setpoint_not_met_time_total_hours,-1.98934,-0.00603612,0.61647,4.65563e-17,329.572,55.5825,0.00603612
Toronto,cooling_electricity_annual_kwh,322.101,0.00600514,0.687227,2.33461e-20,53637.6,8523.69,0.00600514
Toronto,cooling_electricity_annual_gj,1.15956,0.00600514,0.687227,2.33461e-20,193.095,30.6853,0.00600514
Toronto,heating_electricity_annual_gj,-1.02559,-0.00591868,0.619098,3.60267e-17,173.281,28.5944,0.00591868
Toronto,heating_electricity_annual_kwh,-284.887,-0.00591868,0.619098,3.60267e-17,48133.6,7942.89,0.00591868
Los_Angeles,daily_edh_max_k_h,0.0577075,0.00579627,0.183048,0.000115677,9.95599,2.95894,0.00579627
Montreal,facility_heating_setpoint_not_met_occupied_time_total_hours,-1.77697,-0.00575197,0.703683,3.12438e-21,308.932,46.4704,0.00575197
Montreal,abups_occupied_heating_not_met_hours,-1.77697,-0.00575196,0.70368,3.12557e-21,308.933,46.4705,0.00575196
Toronto,rep_zone_humidity_ratio_min,8.68172e-06,0.00549895,0.44065,6.32591e-11,0.0015788,0.000286909,0.00549895
Miami,facility_heating_setpoint_not_met_time_max_timestep_hours,-0.000767829,-0.00522582,0.0978389,0.00594025,0.14693,0.053851,0.00522582
Miami,facility_heating_setpoint_not_met_occupied_time_max_timestep_hours,-0.000767829,-0.00522582,0.0978389,0.00594025,0.14693,0.053851,0.00522582
Miami,fans_electricity_peak_kw,0.095821,0.00511041,0.435288,1.21306e-10,18.7502,3.14416,0.00511041
Miami,fans_electricity_peak_w,95.821,0.00511041,0.435288,1.21306e-10,18750.2,3144.16,0.00511041
Montreal,outdoor_drybulb_c_mean,0.0480387,0.00479457,0.832837,1.82232e-30,10.0194,1.15477,0.00479457
Toronto,annual_edh_c_h,1.04318,0.00478213,0.396173,1.1281e-09,218.142,36.3583,0.00478213
Toronto,facility_heating_setpoint_not_met_occupied_time_total_hours,-1.27352,-0.00476046,0.586982,7.3872e-16,267.52,36.4652,0.00476046
Toronto,abups_occupied_heating_not_met_hours,-1.27349,-0.00476036,0.58697,7.39489e-16,267.52,36.4649,0.00476036
Toronto,rep_zone_rh_pct_min,0.0439652,0.00471373,0.435578,8.88299e-11,9.32704,1.46137,0.00471373
Toronto,outdoor_wetbulb_c_mean,0.0378629,0.00470114,0.844777,1.16635e-31,8.054,0.903709,0.00470114
Miami,facility_hvac_electricity_demand_rate_mean_kw,0.149231,0.00467687,0.872613,7.66128e-35,31.9083,3.50457,0.00467687
Miami,cooling_electricity_annual_gj,4.11389,0.0046401,0.922685,2.55539e-42,886.596,92.7167,0.0046401
Miami,cooling_electricity_annual_kwh,1142.75,0.0046401,0.922685,2.55539e-42,246277,25754.6,0.0046401
Miami,abups_time_not_comfortable_simple_ashrae55_hours,11.8629,0.00456522,0.840466,8.11961e-31,2598.54,280.132,0.00456522
Miami,outdoor_wetbulb_c_min,0.0355452,0.00455156,0.159428,0.000352879,7.80944,1.95291,0.00455156
Los_Angeles,delta_t_max_k,0.00456433,0.00445365,0.220165,1.90656e-05,1.02485,0.213397,0.00445365
Phoenix,electricity_hvac_annual_kwh,657.754,0.00444111,0.770787,2.23642e-25,148106,16435.5,0.00444111
Phoenix,electricity_hvac_annual_gj,2.36792,0.00444111,0.770787,2.23642e-25,533.181,59.1677,0.00444111
Phoenix,facility_hvac_electricity_demand_rate_mean_kw,0.0750864,0.00443991,0.770793,2.23421e-25,16.9117,1.87619,0.00443991
Vancouver,outdoor_wetbulb_c_mean,0.0474312,0.00440436,0.743852,1.38774e-23,10.7692,1.20644,0.00440436
Miami,electricity_hvac_annual_kwh,1236.05,0.00439864,0.921915,3.67066e-42,281008,27869.2,0.00439864
Miami,electricity_hvac_annual_gj,4.44979,0.00439864,0.921915,3.67066e-42,1011.63,100.329,0.00439864
Los_Angeles,fans_electricity_annual_kwh,139.885,0.00435516,0.619731,3.386e-17,32119.4,3898.12,0.00435516
Los_Angeles,fans_electricity_annual_gj,0.503587,0.00435516,0.619731,3.386e-17,115.63,14.0332,0.00435516
Vancouver,rep_zone_sensible_heating_rate_mean_kw,-4.55733e-05,-0.00415425,0.108446,0.00367502,0.0109703,0.00303591,0.00415425
Vancouver,rep_zone_sensible_heating_energy_total_kwh,-0.399222,-0.00415425,0.108446,0.00367502,96.0996,26.5945,0.00415425
Toronto,rep_zone_sensible_heating_rate_mean_kw,-3.86291e-05,-0.00405582,0.0883779,0.0091084,0.00952436,0.00285055,0.00405582
Toronto,rep_zone_sensible_heating_energy_total_kwh,-0.338391,-0.00405582,0.0883779,0.0091084,83.4334,24.9708,0.00405582
Vancouver,abups_time_not_comfortable_simple_ashrae55_hours,-11.3358,-0.00391187,0.490776,1.86338e-12,2897.81,354.975,0.00391187
Vancouver,outdoor_drybulb_c_mean,0.0494235,0.00385195,0.733583,5.98222e-23,12.8308,1.26589,0.00385195
Vancouver,electricity_hvac_annual_gj,-1.19031,-0.00383363,0.479394,4.26933e-12,310.491,37.7137,0.00383363
Vancouver,electricity_hvac_annual_kwh,-330.641,-0.00383363,0.479394,4.26933e-12,86247.5,10476,0.00383363
Vancouver,facility_hvac_electricity_demand_rate_mean_kw,-0.0377442,-0.0038318,0.47938,4.27356e-12,9.85025,1.1959,0.0038318
Phoenix,cooling_electricity_peak_w,298.145,0.00374209,0.569498,3.47513e-15,79673.3,8666.96,0.00374209
Phoenix,cooling_electricity_peak_kw,0.298145,0.00374209,0.569498,3.47513e-15,79.6733,8.66696,0.00374209
Phoenix,daily_edh_exceed_6kh_count,-0.0541763,-0.00367297,0.16767,0.000239729,14.75,2.90247,0.00367297
Phoenix,annual_edh_c_h,-1.07763,-0.0035517,0.220617,1.86431e-05,303.413,50.3311,0.0035517
Toronto,outdoor_drybulb_c_mean,0.0377465,0.00346475,0.747448,8.20572e-24,10.8944,0.957792,0.00346475
Miami,outdoor_drybulb_c_min,0.0380041,0.00343438,0.184582,0.000107507,11.0658,1.94053,0.00343438
Toronto,daily_edh_max_k_h,0.0234597,0.00323305,0.0897478,0.00856193,7.2562,1.71789,0.00323305
Miami,facility_hvac_electricity_demand_rate_max_kw,0.348351,0.00314626,0.730175,9.59554e-23,110.719,8.94313,0.00314626
Miami,fans_electricity_annual_gj,0.343477,0.00304393,0.881145,1.71236e-35,112.84,7.92147,0.00304393
Miami,fans_electricity_annual_kwh,95.4102,0.00304393,0.881145,1.71236e-35,31344.4,2200.41,0.00304393
Miami,electricity_hvac_peak_kw,0.330841,0.0029778,0.738336,6.02999e-23,111.103,8.33537,0.0029778
Miami,electricity_hvac_peak_w,330.841,0.0029778,0.738336,6.02999e-23,111103,8335.37,0.0029778
Phoenix,fans_electricity_annual_gj,0.274253,0.00297761,0.794242,4.06106e-27,92.1051,6.75088,0.00297761
Phoenix,fans_electricity_annual_kwh,76.1814,0.00297761,0.794242,4.06106e-27,25584.8,1875.24,0.00297761
Los_Angeles,outdoor_wetbulb_c_mean,0.0449155,0.0029773,0.749047,6.48118e-24,15.086,1.13848,0.0029773
Miami,facility_purchased_electricity_energy_total_kwh,1626.34,0.0029467,0.405119,6.42605e-10,551919,56053.8,0.0029467
Vancouver,rep_zone_sensible_cooling_rate_mean_kw,0.0116933,0.0025317,0.750274,5.4018e-24,4.61875,0.29615,0.0025317
Vancouver,rep_zone_sensible_cooling_energy_total_kwh,102.433,0.0025317,0.750274,5.4018e-24,40460.2,2594.28,0.0025317
Vancouver,rep_zone_rh_pct_min,0.0345211,0.00247354,0.0769801,0.0152437,13.9561,2.72949,0.00247354
Miami,rep_zone_humidity_ratio_min,1.15587e-05,0.00244828,0.168996,0.000225207,0.00472115,0.000616815,0.00244828
Miami,cooling_electricity_peak_kw,0.226239,0.00244103,0.795448,7.26724e-27,92.682,5.49154,0.00244103
Miami,cooling_electricity_peak_w,226.239,0.00244103,0.795448,7.26724e-27,92682,5491.54,0.00244103
Miami,facility_purchased_electricity_rate_mean_kw,0.149033,0.00234792,0.875165,3.61783e-35,63.4744,3.4948,0.00234792
Miami,facility_total_electricity_demand_rate_mean_kw,0.149033,0.00234792,0.875165,3.61783e-35,63.4744,3.4948,0.00234792
Vancouver,rep_zone_humidity_ratio_min,5.37841e-06,0.00229899,0.0547294,0.0419529,0.00233947,0.000504346,0.00229899
Vancouver,rep_zone_humidity_ratio_mean,1.73391e-05,0.00226441,0.711679,1.12934e-21,0.00765722,0.000450888,0.00226441
Phoenix,rep_zone_mean_radiant_temp_c_min,0.047372,0.00225686,0.241856,6.43434e-06,20.9903,2.11315,0.00225686
Phoenix,rep_zone_humidity_ratio_min,3.51783e-06,0.00223579,0.0407507,0.0803377,0.00157342,0.00038229,0.00223579
Los_Angeles,outdoor_drybulb_c_mean,0.0425397,0.00222558,0.613902,5.97139e-17,19.114,1.19105,0.00222558
Miami,electricity_facility_annual_gj,4.44923,0.00221667,0.922396,2.92887e-42,2007.17,100.29,0.00221667
Miami,electricity_facility_annual_kwh,1235.9,0.00221667,0.922396,2.92887e-42,557547,27858.4,0.00221667
Vancouver,outdoor_wetbulb_c_max,0.0462489,0.0022131,0.627757,1.52838e-17,20.8978,1.28053,0.0022131
Phoenix,outdoor_drybulb_c_mean,0.0589998,0.00219729,0.804181,6.46271e-28,26.8511,1.44331,0.00219729
Montreal,rep_zone_humidity_ratio_max,3.03039e-05,0.00217488,0.411565,4.26249e-10,0.0139336,0.00103625,0.00217488
Montreal,daily_edh_max_k_h,0.0168632,0.00216702,0.0316339,0.124262,7.78172,2.07993,0.00216702
Phoenix,facility_purchased_electricity_energy_peak_timestep_kwh,-0.0682063,-0.00216503,0.0945876,0.00688055,31.5036,4.86511,0.00216503
Phoenix,facility_total_electricity_demand_rate_max_kw,-0.409238,-0.00216503,0.0945876,0.00688055,189.022,29.1907,0.00216503
Phoenix,facility_purchased_electricity_rate_max_kw,-0.409238,-0.00216503,0.0945876,0.00688055,189.022,29.1907,0.00216503
Phoenix,electricity_facility_peak_kw,-0.409238,-0.00216503,0.0945876,0.00688055,189.022,29.1907,0.00216503
Phoenix,electricity_facility_peak_w,-409.238,-0.00216503,0.0945876,0.00688055,189022,29190.7,0.00216503
Phoenix,outdoor_wetbulb_c_mean,0.0333339,0.00215746,0.654189,9.81861e-19,15.4505,0.904108,0.00215746
Los_Angeles,electricity_facility_annual_kwh,862.644,0.00215128,0.704302,2.89079e-21,400991,22549.5,0.00215128
Los_Angeles,electricity_facility_annual_gj,3.10552,0.00215128,0.704302,2.89079e-21,1443.57,81.1783,0.00215128
Los_Angeles,facility_purchased_electricity_energy_total_kwh,862.643,0.00215128,0.704301,2.89118e-21,400991,22549.5,0.00215128
Los_Angeles,facility_purchased_electricity_rate_mean_kw,0.0984752,0.00215128,0.704301,2.89118e-21,45.7752,2.57415,0.00215128
Los_Angeles,facility_total_electricity_demand_rate_mean_kw,0.0984752,0.00215128,0.704301,2.89118e-21,45.7752,2.57415,0.00215128
Miami,rep_zone_rh_pct_min,0.0497957,0.00214291,0.150349,0.000538693,23.2373,2.81726,0.00214291
Los_Angeles,outdoor_wetbulb_c_max,0.0595405,0.0021367,0.498714,1.034e-12,27.8657,1.84958,0.0021367
Phoenix,rep_zone_rh_pct_min,0.0176264,0.00213057,0.0411202,0.0789504,8.27312,1.90688,0.00213057
Phoenix,rep_zone_operative_temp_c_min,0.0440131,0.00209751,0.240483,6.8976e-06,20.9835,1.96891,0.00209751
Toronto,rep_zone_humidity_ratio_max,2.82283e-05,0.00207101,0.401305,8.17646e-10,0.0136302,0.000977535,0.00207101
Phoenix,rep_zone_rh_pct_max,-0.166539,-0.00206043,0.0557684,0.0399987,80.8276,15.4706,0.00206043
Miami,facility_purchased_electricity_energy_peak_timestep_kwh,0.0580617,0.00201993,0.730835,8.76042e-23,28.7444,1.48993,0.00201993
Miami,facility_purchased_electricity_rate_max_kw,0.34837,0.00201993,0.730835,8.76042e-23,172.467,8.93958,0.00201993
Miami,facility_total_electricity_demand_rate_max_kw,0.34837,0.00201993,0.730835,8.76042e-23,172.467,8.93958,0.00201993
Montreal,fans_electricity_annual_gj,0.189285,0.0020001,0.472023,7.23502e-12,94.6378,6.04394,0.0020001
Montreal,fans_electricity_annual_kwh,52.5792,0.0020001,0.472023,7.23502e-12,26288.3,1678.87,0.0020001
Vancouver,rep_zone_rh_pct_mean,0.0817852,0.00197306,0.696461,7.65372e-21,41.4509,2.14987,0.00197306
Phoenix,rep_zone_thermostat_air_temp_c_min,0.0406043,0.001936,0.238444,7.6463e-06,20.9734,1.82417,0.001936
Phoenix,rep_zone_mean_air_temp_c_min,0.0406043,0.001936,0.238444,7.6463e-06,20.9734,1.82417,0.001936
Phoenix,fans_electricity_peak_kw,0.0409091,0.0019283,0.588893,6.21234e-16,21.2151,1.16946,0.0019283
Phoenix,fans_electricity_peak_w,40.9091,0.0019283,0.588893,6.21234e-16,21215.1,1169.46,0.0019283
Miami,electricity_facility_peak_w,330.857,0.00191405,0.739121,5.40049e-23,172857,8331.34,0.00191405
Miami,electricity_facility_peak_kw,0.330857,0.00191405,0.739121,5.40049e-23,172.857,8.33134,0.00191405
Montreal,rep_zone_sensible_heating_rate_max_kw,-0.0366627,-0.00188104,0.0234034,0.187055,19.4907,5.25739,0.00188104
Montreal,rep_zone_sensible_heating_energy_peak_timestep_kwh,-0.00611045,-0.00188104,0.0234034,0.187055,3.24845,0.876232,0.00188104
Toronto,outdoor_wetbulb_c_max,0.0488792,0.00185597,0.462578,1.40773e-11,26.3362,1.57658,0.00185597
Miami,outdoor_wetbulb_c_mean,0.0420908,0.0018321,0.755297,2.53857e-24,22.9741,1.06246,0.0018321
Miami,annual_edh_c_h,0.919598,0.00178916,0.105095,0.00427782,513.984,62.229,0.00178916
Vancouver,rep_zone_sensible_cooling_energy_peak_timestep_kwh,0.00633272,0.00177649,0.452234,2.88084e-11,3.56475,0.206583,0.00177649
Vancouver,rep_zone_sensible_cooling_rate_max_kw,0.0379963,0.00177649,0.452234,2.88084e-11,21.3885,1.2395,0.00177649
Los_Angeles,cooling_electricity_peak_w,120.438,0.00177117,0.539318,4.37542e-14,67999.5,3597.72,0.00177117
Los_Angeles,cooling_electricity_peak_kw,0.120438,0.00177117,0.539318,4.37542e-14,67.9995,3.59772,0.00177117
Vancouver,outdoor_drybulb_c_max,0.0466452,0.00176519,0.427379,1.52817e-10,26.425,1.56526,0.00176519
Montreal,outdoor_wetbulb_c_max,0.0446274,0.00172249,0.429053,1.36882e-10,25.9086,1.49462,0.00172249
Toronto,fans_electricity_annual_gj,0.164232,0.00169468,0.361332,9.38666e-09,96.9105,5.99365,0.00169468
Toronto,fans_electricity_annual_kwh,45.6201,0.00169468,0.361332,9.38666e-09,26919.6,1664.9,0.00169468
Miami,rep_zone_sensible_cooling_energy_total_kwh,152.22,0.00169219,0.181448,0.000124847,89954.5,7839.4,0.00169219
Miami,outdoor_drybulb_c_mean,0.0452431,0.00169,0.823844,1.2733e-29,26.771,1.09349,0.00169
Phoenix,rep_zone_sensible_cooling_energy_total_kwh,121.568,0.00167056,0.781991,3.47707e-26,72771.2,3015.82,0.00167056
Phoenix,rep_zone_sensible_cooling_rate_mean_kw,0.0138777,0.00167056,0.781991,3.47707e-26,8.30721,0.344271,0.00167056
Toronto,rep_zone_rh_pct_max,0.113729,0.00166968,0.279696,9.05618e-07,68.1143,4.71754,0.00166968
Los_Angeles,outdoor_drybulb_c_max,0.0554176,0.00166643,0.474614,6.01535e-12,33.2553,1.76467,0.00166643
Los_Angeles,rep_zone_rh_pct_min,0.0135314,0.0016563,0.0190274,0.234718,8.16968,2.15198,0.0016563
Los_Angeles,rep_zone_humidity_ratio_mean,1.40848e-05,0.00164697,0.472625,6.93206e-12,0.00855198,0.000449447,0.00164697
Los_Angeles,outdoor_rh_pct_min,-0.0143267,-0.0016107,0.0158662,0.278263,8.89474,2.49515,0.0016107
Montreal,rep_zone_humidity_ratio_mean,9.7698e-06,0.00156808,0.813435,1.07175e-28,0.00623041,0.000237635,0.00156808
Toronto,rep_zone_humidity_ratio_mean,9.89445e-06,0.00154457,0.855006,9.30779e-33,0.00640594,0.000234743,0.00154457
Los_Angeles,rep_zone_rh_pct_mean,0.0668841,0.00153178,0.446211,4.345e-11,43.6642,2.19653,0.00153178
Phoenix,facility_purchased_electricity_rate_mean_kw,0.0750864,0.00150684,0.770793,2.23421e-25,49.8304,1.87619,0.00150684
Phoenix,facility_total_electricity_demand_rate_mean_kw,0.0750864,0.00150684,0.770793,2.23421e-25,49.8304,1.87619,0.00150684
Phoenix,facility_purchased_electricity_energy_total_kwh,657.757,0.00150684,0.770793,2.23421e-25,436514,16435.5,0.00150684
Phoenix,electricity_facility_annual_gj,2.36791,0.00150683,0.770786,2.23675e-25,1571.45,59.1676,0.00150683
Phoenix,electricity_facility_annual_kwh,657.753,0.00150683,0.770786,2.23675e-25,436514,16435.4,0.00150683
Montreal,rep_zone_rh_pct_mean,0.0484501,0.0014869,0.811309,1.6322e-28,32.5847,1.18001,0.0014869
Toronto,rep_zone_rh_pct_mean,0.0494479,0.00147306,0.855965,7.2773e-33,33.5681,1.17248,0.00147306
Miami,outdoor_wetbulb_c_max,0.0431768,0.00146973,0.685808,2.76298e-20,29.3773,1.14376,0.00146973
Vancouver,rep_zone_sensible_heating_rate_max_kw,-0.0350902,-0.00145719,0.160248,0.000339609,24.0808,1.92298,0.00145719
Vancouver,rep_zone_sensible_heating_energy_peak_timestep_kwh,-0.00584837,-0.00145719,0.160248,0.000339609,4.01346,0.320497,0.00145719
Montreal,rep_zone_rh_pct_max,0.0986378,0.00143892,0.439221,6.96306e-11,68.5498,3.26503,0.00143892
Los_Angeles,rep_zone_humidity_ratio_max,2.33306e-05,0.00142219,0.247678,4.78555e-06,0.0164047,0.00102842,0.00142219
Los_Angeles,rep_zone_humidity_ratio_min,2.18046e-06,0.00140987,0.0143166,0.303235,0.00154657,0.000399773,0.00140987
Toronto,rep_zone_sensible_heating_energy_peak_timestep_kwh,-0.00502159,-0.00136073,0.0509068,0.05003,3.69036,0.488246,0.00136073
Toronto,rep_zone_sensible_heating_rate_max_kw,-0.0301295,-0.00136073,0.0509068,0.05003,22.1422,2.92947,0.00136073
Miami,outdoor_drybulb_c_max,0.0459768,0.00133093,0.820506,2.55537e-29,34.5447,1.11348,0.00133093
Toronto,outdoor_drybulb_c_max,0.0433739,0.00132567,0.330882,5.47933e-08,32.7184,1.65416,0.00132567
Montreal,outdoor_drybulb_c_max,0.042242,0.00132289,0.382859,2.56902e-09,31.9316,1.49765,0.00132289
Phoenix,daily_edh_max_k_h,-0.020133,-0.00129891,0.0849675,0.0106251,15.4999,1.51519,0.00129891
Phoenix,outdoor_drybulb_c_max,0.0604853,0.00127617,0.579136,1.49164e-15,47.3961,1.74359,0.00127617
Phoenix,outdoor_rh_pct_mean,-0.0401072,-0.00122217,0.0744375,0.017102,32.8163,3.22486,0.00122217
Montreal,cooling_electricity_peak_kw,0.0897428,0.00117645,0.314119,1.40216e-07,76.2825,3.51267,0.00117645
Montreal,cooling_electricity_peak_w,89.7428,0.00117645,0.314119,1.40216e-07,76282.5,3512.67,0.00117645
Vancouver,rep_zone_humidity_ratio_max,1.37253e-05,0.00115633,0.33346,4.7331e-08,0.0118697,0.000521417,0.00115633
Toronto,outdoor_rh_pct_min,0.0419822,0.00112943,0.0838524,0.011174,37.1711,3.18048,0.00112943
Los_Angeles,rep_zone_sensible_cooling_energy_total_kwh,82.7939,0.00111183,0.563445,5.85522e-15,74466.3,2419.68,0.00111183
Los_Angeles,rep_zone_sensible_cooling_rate_mean_kw,0.00945136,0.00111183,0.563445,5.85522e-15,8.50072,0.276219,0.00111183
Toronto,cooling_electricity_peak_w,85.7852,0.00111164,0.224405,1.54487e-05,77170.1,3972.66,0.00111164
Toronto,cooling_electricity_peak_kw,0.0857852,0.00111164,0.224405,1.54487e-05,77.1701,3.97266,0.00111164
Miami,daily_edh_max_k_h,-0.00779273,-0.00105832,0.00851728,0.427826,7.36328,1.85236,0.00105832
Montreal,rep_zone_sensible_cooling_energy_total_kwh,58.7601,0.00102169,0.63384,8.26895e-18,57512.6,1619.12,0.00102169
Montreal,rep_zone_sensible_cooling_rate_mean_kw,0.00670777,0.00102169,0.63384,8.26895e-18,6.56536,0.184831,0.00102169
Phoenix,outdoor_wetbulb_c_max,0.0277712,0.00101853,0.456096,2.20848e-11,27.2659,0.902096,0.00101853
Miami,rep_zone_sensible_cooling_rate_mean_kw,0.010514,0.00101518,0.84718,6.53974e-32,10.3569,0.250592,0.00101518
Phoenix,rep_zone_humidity_ratio_mean,6.34883e-06,0.000981705,0.133533,0.00117077,0.00646715,0.000381141,0.000981705
Vancouver,rep_zone_rh_pct_max,0.0596997,0.000968843,0.278072,9.86935e-07,61.6195,2.48358,0.000968843
Montreal,electricity_hvac_peak_kw,-0.199767,-0.00091155,0.111182,0.00324607,219.15,13.1429,0.00091155
Montreal,electricity_hvac_peak_w,-199.767,-0.00091155,0.111182,0.00324607,219150,13142.9,0.00091155
Montreal,facility_hvac_electricity_demand_rate_max_kw,-0.199767,-0.000911522,0.111182,0.00324607,219.157,13.1429,0.000911522
Phoenix,rep_zone_rh_pct_mean,0.030421,0.000910484,0.120425,0.00213213,33.4119,1.92309,0.000910484
Montreal,heating_electricity_peak_w,-191.17,-0.000898089,0.109583,0.00349038,212863,12668.7,0.000898089
Montreal,heating_electricity_peak_kw,-0.19117,-0.000898089,0.109583,0.00349038,212.863,12.6687,0.000898089
Vancouver,electricity_facility_annual_gj,-1.1903,-0.000881959,0.479382,4.27297e-12,1349.61,37.714,0.000881959
Vancouver,electricity_facility_annual_kwh,-330.64,-0.000881959,0.479382,4.27297e-12,374892,10476.1,0.000881959
Vancouver,facility_purchased_electricity_energy_total_kwh,-330.639,-0.000881959,0.47938,4.27356e-12,374892,10476.1,0.000881959
Vancouver,facility_purchased_electricity_rate_mean_kw,-0.0377442,-0.000881959,0.47938,4.27356e-12,42.7959,1.1959,0.000881959
Vancouver,facility_total_electricity_demand_rate_mean_kw,-0.0377442,-0.000881959,0.47938,4.27356e-12,42.7959,1.1959,0.000881959
Toronto,rep_zone_sensible_cooling_rate_mean_kw,0.00575665,0.000857548,0.504516,6.68439e-13,6.71292,0.177794,0.000857548
Toronto,rep_zone_sensible_cooling_energy_total_kwh,50.4283,0.000857548,0.504516,6.68439e-13,58805.2,1557.48,0.000857548
Montreal,delta_t_max_k,0.000744735,0.000828235,0.133037,0.00119769,0.899184,0.044792,0.000828235
Montreal,electricity_facility_peak_kw,-0.207151,-0.000815388,0.109854,0.00344775,254.052,13.7109,0.000815388
Montreal,electricity_facility_peak_w,-207.151,-0.000815388,0.109854,0.00344775,254052,13710.9,0.000815388
Montreal,facility_total_electricity_demand_rate_max_kw,-0.207151,-0.000815388,0.109854,0.00344775,254.052,13.7109,0.000815388
Montreal,facility_purchased_electricity_rate_max_kw,-0.207151,-0.000815388,0.109854,0.00344775,254.052,13.7109,0.000815388
Montreal,facility_purchased_electricity_energy_peak_timestep_kwh,-0.0345252,-0.000815388,0.109854,0.00344775,42.3421,2.28514,0.000815388
Los_Angeles,outdoor_rh_pct_mean,0.0545206,0.000792258,0.082709,0.0117663,68.8168,4.15882,0.000792258
Los_Angeles,rep_zone_mean_radiant_temp_c_min,0.0187731,0.000787229,0.163447,0.000292342,23.8471,1.01867,0.000787229
Vancouver,fans_electricity_annual_gj,0.0291083,0.000738692,0.552897,1.42931e-14,39.4051,0.858776,0.000738692
Vancouver,fans_electricity_annual_kwh,8.08563,0.000738692,0.552897,1.42931e-14,10945.9,238.549,0.000738692
Los_Angeles,rep_zone_operative_temp_c_min,0.0173988,0.000737892,0.159625,0.000349644,23.579,0.955329,0.000737892
Los_Angeles,rep_zone_sensible_cooling_rate_max_kw,0.0196688,0.000699699,0.229117,1.22156e-05,28.1104,0.901437,0.000699699
Los_Angeles,rep_zone_sensible_cooling_energy_peak_timestep_kwh,0.00327814,0.000699699,0.229117,1.22156e-05,4.68507,0.15024,0.000699699
Los_Angeles,rep_zone_thermostat_air_temp_c_min,0.0156765,0.000672924,0.150295,0.000540043,23.2961,0.887077,0.000672924
Los_Angeles,rep_zone_mean_air_temp_c_min,0.0156765,0.000672924,0.150295,0.000540043,23.2961,0.887077,0.000672924
Montreal,outdoor_rh_pct_min,0.0222283,0.00065836,0.0177567,0.251152,33.7632,3.65941,0.00065836
Toronto,electricity_hvac_annual_gj,0.298197,0.000627797,0.0563887,0.0388766,474.99,27.5482,0.000627797
Toronto,electricity_hvac_annual_kwh,82.8326,0.000627797,0.0563887,0.0388766,131942,7652.28,0.000627797
Toronto,facility_hvac_electricity_demand_rate_mean_kw,0.00945637,0.000627643,0.0563956,0.0388643,15.0665,0.873548,0.000627643
Toronto,electricity_hvac_peak_kw,-0.134052,-0.000610199,0.0954729,0.00661072,219.686,9.51741,0.000610199
Toronto,electricity_hvac_peak_w,-134.052,-0.000610199,0.0954729,0.00661072,219686,9517.41,0.000610199
Toronto,facility_hvac_electricity_demand_rate_max_kw,-0.134052,-0.00061018,0.0954729,0.00661072,219.693,9.51741,0.00061018
Toronto,heating_electricity_peak_w,-128.515,-0.000602248,0.0948128,0.0068109,213392,9155.99,0.000602248
Toronto,heating_electricity_peak_kw,-0.128515,-0.000602248,0.0948128,0.0068109,213.392,9.15599,0.000602248
Vancouver,electricity_hvac_peak_w,-117.233,-0.000555374,0.139669,0.000882867,211088,6881.53,0.000555374
Vancouver,electricity_hvac_peak_kw,-0.117233,-0.000555374,0.139669,0.000882867,211.088,6.88153,0.000555374
Vancouver,facility_hvac_electricity_demand_rate_max_kw,-0.117233,-0.000555356,0.139669,0.000882868,211.095,6.88153,0.000555356
Toronto,delta_t_max_k,0.000495215,0.000551528,0.0612179,0.0311731,0.897897,0.0439077,0.000551528
Vancouver,heating_electricity_peak_w,-111.619,-0.00054446,0.140102,0.000865413,205008,6541.86,0.00054446
Vancouver,heating_electricity_peak_kw,-0.111619,-0.00054446,0.140102,0.000865413,205.008,6.54186,0.00054446
Toronto,facility_purchased_electricity_energy_peak_timestep_kwh,-0.022342,-0.000526081,0.0954729,0.00661072,42.4687,1.58623,0.000526081
Toronto,facility_purchased_electricity_rate_max_kw,-0.134052,-0.000526081,0.0954729,0.00661072,254.812,9.51741,0.000526081
Toronto,facility_total_electricity_demand_rate_max_kw,-0.134052,-0.000526081,0.0954729,0.00661072,254.812,9.51741,0.000526081
Toronto,electricity_facility_peak_w,-134.052,-0.000526081,0.0954729,0.00661072,254812,9517.41,0.000526081
Toronto,electricity_facility_peak_kw,-0.134052,-0.000526081,0.0954729,0.00661072,254.812,9.51741,0.000526081
Toronto,abups_time_not_comfortable_simple_ashrae55_hours,-1.39863,-0.000525006,0.0675423,0.0233768,2664.02,118.059,0.000525006
Vancouver,electricity_facility_peak_kw,-0.113093,-0.000459348,0.128044,0.0015056,246.204,6.93334,0.000459348
Vancouver,electricity_facility_peak_w,-113.093,-0.000459348,0.128044,0.0015056,246204,6933.34,0.000459348
Vancouver,facility_total_electricity_demand_rate_max_kw,-0.113093,-0.000459348,0.128044,0.00150561,246.204,6.93334,0.000459348
Vancouver,facility_purchased_electricity_rate_max_kw,-0.113093,-0.000459348,0.128044,0.00150561,246.204,6.93334,0.000459348
Vancouver,facility_purchased_electricity_energy_peak_timestep_kwh,-0.0188489,-0.000459348,0.128044,0.00150561,41.0341,1.15556,0.000459348
Miami,rep_zone_rh_pct_mean,0.0192357,0.000431581,0.463092,1.35809e-11,44.5704,0.620097,0.000431581
Vancouver,fans_electricity_peak_kw,-0.00254179,-0.000429332,0.0205712,0.216443,5.92034,0.388773,0.000429332
Vancouver,fans_electricity_peak_w,-2.54179,-0.000429332,0.0205712,0.216443,5920.34,388.773,0.000429332
Miami,rep_zone_humidity_ratio_max,4.04544e-06,0.000423235,0.127857,0.00151854,0.00955837,0.000248192,0.000423235
Montreal,rep_zone_sensible_cooling_rate_max_kw,0.0116229,0.000414318,0.124143,0.00179955,28.0531,0.723668,0.000414318
Montreal,rep_zone_sensible_cooling_energy_peak_timestep_kwh,0.00193715,0.000414318,0.124143,0.00179955,4.67551,0.120611,0.000414318
Miami,rep_zone_rh_pct_max,0.0203026,0.000394867,0.165954,0.000259874,51.4164,1.09331,0.000394867
Miami,rep_zone_humidity_ratio_mean,3.41451e-06,0.000392358,0.394058,1.28714e-09,0.00870252,0.000119326,0.000392358
Montreal,abups_time_not_comfortable_simple_ashrae55_hours,-1.10665,-0.000390185,0.0590641,0.034395,2836.22,99.8925,0.000390185
Toronto,outdoor_rh_pct_mean,0.026523,0.000379367,0.139083,0.000907041,69.9139,1.56017,0.000379367
Montreal,rep_zone_mean_radiant_temp_c_min,0.00647143,0.000377419,0.0248954,0.17343,17.1465,0.899758,0.000377419
Montreal,rep_zone_operative_temp_c_min,0.00610482,0.00035315,0.0243677,0.178116,17.2868,0.857929,0.00035315
Toronto,rep_zone_sensible_cooling_energy_peak_timestep_kwh,0.00163167,0.000348451,0.108633,0.00364404,4.68263,0.108601,0.000348451
Toronto,rep_zone_sensible_cooling_rate_max_kw,0.00979,0.000348451,0.108633,0.00364404,28.0958,0.651609,0.000348451
Toronto,rep_zone_mean_radiant_temp_c_min,0.00570415,0.000341144,0.051322,0.04908,16.7207,0.552363,0.000341144
Montreal,rep_zone_mean_air_temp_c_min,0.00582879,0.00033478,0.0251363,0.171337,17.4108,0.806516,0.00033478
Montreal,rep_zone_thermostat_air_temp_c_min,0.00582879,0.00033478,0.0251363,0.171337,17.4108,0.806516,0.00033478
Phoenix,outdoor_rh_pct_min,-0.00179084,-0.000327961,0.00199214,0.701833,5.46053,0.880203,0.000327961
Toronto,rep_zone_operative_temp_c_min,0.00543544,0.000322051,0.0510866,0.0496162,16.8776,0.527554,0.000322051
Vancouver,outdoor_rh_pct_min,-0.012823,-0.000321845,0.00453506,0.563258,39.8421,4.17717,0.000321845
Vancouver,rep_zone_mean_radiant_temp_c_min,0.00509285,0.000308742,0.109832,0.00345125,16.4955,0.337118,0.000308742
Miami,outdoor_rh_pct_min,0.01162,0.000308136,0.00901789,0.414506,37.7105,2.68434,0.000308136
Toronto,rep_zone_thermostat_air_temp_c_min,0.0051793,0.000304135,0.0514692,0.0487477,17.0296,0.500821,0.000304135
Toronto,rep_zone_mean_air_temp_c_min,0.0051793,0.000304135,0.0514692,0.0487477,17.0296,0.500821,0.000304135
Los_Angeles,rep_zone_rh_pct_max,0.0231695,0.0003036,0.0140032,0.308626,76.3158,4.29523,0.0003036
Vancouver,rep_zone_mean_radiant_temp_c_mean,0.00705982,0.000297031,0.737302,3.54753e-23,23.768,0.180367,0.000297031
Vancouver,rep_zone_operative_temp_c_min,0.00480054,0.000288018,0.10808,0.00373651,16.6675,0.320333,0.000288018
Los_Angeles,rep_zone_mean_radiant_temp_c_max,0.00724621,0.000267416,0.236634,8.37731e-06,27.0971,0.326782,0.000267416
Vancouver,rep_zone_operative_temp_c_max,0.00687908,0.000266511,0.448221,3.79014e-11,25.8116,0.225408,0.000266511
Vancouver,rep_zone_thermostat_air_temp_c_min,0.00447177,0.000265603,0.105678,0.00416635,16.8363,0.301768,0.000265603
Vancouver,rep_zone_mean_air_temp_c_min,0.00447177,0.000265603,0.105678,0.00416635,16.8363,0.301768,0.000265603
Vancouver,rep_zone_mean_air_temp_c_max,0.00676028,0.000259073,0.442616,5.54153e-11,26.0941,0.222913,0.000259073
Vancouver,rep_zone_thermostat_air_temp_c_max,0.00676028,0.000259073,0.442616,5.54153e-11,26.0941,0.222913,0.000259073
Vancouver,rep_zone_operative_temp_c_mean,0.00607387,0.000255126,0.733363,6.16912e-23,23.8073,0.155593,0.000255126
Los_Angeles,electricity_hvac_peak_w,-22.6479,-0.000228347,0.00123418,0.7632,99181.9,14142.4,0.000228347
Los_Angeles,electricity_hvac_peak_kw,-0.0226479,-0.000228347,0.00123418,0.7632,99.1819,14.1424,0.000228347
Los_Angeles,facility_hvac_electricity_demand_rate_max_kw,-0.0226479,-0.000228331,0.00123418,0.7632,99.1887,14.1424,0.000228331
Vancouver,rep_zone_mean_radiant_temp_c_max,0.00582223,0.000227809,0.415641,3.28045e-10,25.5575,0.198114,0.000227809
Toronto,electricity_facility_annual_kwh,87.6434,0.000213768,0.0633003,0.0283502,409993,7641.91,0.000213768
Toronto,electricity_facility_annual_gj,0.315516,0.000213768,0.0633003,0.0283502,1475.98,27.5109,0.000213768
Toronto,facility_purchased_electricity_energy_total_kwh,87.6406,0.000213761,0.0632955,0.0283565,409993,7641.95,0.000213761
Toronto,facility_total_electricity_demand_rate_mean_kw,0.0100046,0.000213761,0.0632955,0.0283565,46.8029,0.872369,0.000213761
Toronto,facility_purchased_electricity_rate_mean_kw,0.0100046,0.000213761,0.0632955,0.0283565,46.8029,0.872369,0.000213761
Vancouver,rep_zone_thermostat_air_temp_c_mean,0.00508791,0.000213359,0.727086,1.46516e-22,23.8467,0.130898,0.000213359
Vancouver,rep_zone_mean_air_temp_c_mean,0.00508791,0.000213359,0.727086,1.46516e-22,23.8467,0.130898,0.000213359
Montreal,rep_zone_mean_radiant_temp_c_mean,0.00448327,0.000183469,0.709916,1.41692e-21,24.4361,0.116729,0.000183469
Phoenix,rep_zone_mean_radiant_temp_c_mean,0.00439455,0.000173826,0.715259,7.09671e-22,25.2813,0.11399,0.000173826
Phoenix,rep_zone_humidity_ratio_max,2.35675e-06,0.00017366,0.000782026,0.810487,0.0135711,0.0018488,0.00017366
Los_Angeles,rep_zone_operative_temp_c_max,0.00456436,0.000168895,0.220164,1.90666e-05,27.0248,0.213399,0.000168895
Montreal,rep_zone_operative_temp_c_mean,0.00392448,0.000161351,0.710805,1.26401e-21,24.3226,0.102116,0.000161351
Phoenix,delta_t_max_k,-0.000151572,-0.000155151,0.0244462,0.17741,0.976933,0.0212666,0.000155151
Toronto,rep_zone_mean_radiant_temp_c_mean,0.00342047,0.000139414,0.594022,3.88786e-16,24.5347,0.0973577,0.000139414
Miami,rep_zone_mean_radiant_temp_c_min,0.00345601,0.000139213,0.171482,0.000200293,24.8253,0.183085,0.000139213
Montreal,rep_zone_thermostat_air_temp_c_mean,0.0033657,0.000139026,0.707922,1.82818e-21,24.2092,0.0877542,0.000139026
Montreal,rep_zone_mean_air_temp_c_mean,0.0033657,0.000139026,0.707922,1.82818e-21,24.2092,0.0877542,0.000139026
Miami,rep_zone_operative_temp_c_min,0.00307126,0.00012635,0.168197,0.000233846,24.3076,0.164283,0.00012635
Los_Angeles,rep_zone_mean_radiant_temp_c_mean,0.00321235,0.000126137,0.635789,6.77743e-18,25.4671,0.0883795,0.000126137
Phoenix,rep_zone_operative_temp_c_mean,0.00314388,0.000125677,0.654438,9.55861e-19,25.0156,0.0852544,0.000125677
Toronto,rep_zone_operative_temp_c_mean,0.00293969,0.000120439,0.59645,3.10793e-16,24.4082,0.0835027,0.000120439
Vancouver,outdoor_rh_pct_mean,0.00950574,0.000119839,0.0171877,0.258957,79.3207,1.5906,0.000119839
Miami,rep_zone_thermostat_air_temp_c_min,0.00254569,0.000107101,0.155073,0.000432435,23.7691,0.141815,0.000107101
Miami,rep_zone_mean_air_temp_c_min,0.00254569,0.000107101,0.155073,0.000432435,23.7691,0.141815,0.000107101
Montreal,interior_lights_electricity_annual_gj,0.0250312,0.000101909,0.13919,0.00090256,245.624,1.47185,0.000101909
Montreal,interior_lights_electricity_annual_kwh,6.9531,0.000101909,0.13919,0.00090256,68228.8,408.846,0.000101909
Toronto,rep_zone_mean_air_temp_c_mean,0.00245892,0.000101266,0.594436,3.74256e-16,24.2817,0.0699643,0.000101266
Toronto,rep_zone_thermostat_air_temp_c_mean,0.00245892,0.000101266,0.594436,3.74256e-16,24.2817,0.0699643,0.000101266
Los_Angeles,rep_zone_operative_temp_c_mean,0.00252311,0.00010015,0.644007,2.89485e-18,25.1932,0.0689724,0.00010015
Los_Angeles,rep_zone_mean_air_temp_c_max,0.00258728,9.50089e-05,0.208778,3.33843e-05,27.232,0.124219,9.50089e-05
Los_Angeles,rep_zone_thermostat_air_temp_c_max,0.00258728,9.50089e-05,0.208778,3.33843e-05,27.232,0.124219,9.50089e-05
Los_Angeles,interior_lights_electricity_annual_gj,0.021163,8.79872e-05,0.101794,0.00496725,240.523,1.45513,8.79872e-05
Los_Angeles,interior_lights_electricity_annual_kwh,5.8786,8.79872e-05,0.101794,0.00496725,66812,404.201,8.79872e-05
Montreal,electricity_hvac_annual_kwh,-11.8035,-8.3898e-05,0.000991187,0.787174,140689,8224.66,8.3898e-05
Montreal,electricity_hvac_annual_gj,-0.0424925,-8.3898e-05,0.000991187,0.787174,506.479,29.6088,8.3898e-05
Montreal,facility_hvac_electricity_demand_rate_mean_kw,-0.00134664,-8.38247e-05,0.000990008,0.787298,16.065,0.938898,8.38247e-05
Phoenix,rep_zone_thermostat_air_temp_c_mean,0.00189321,7.64935e-05,0.505603,6.15632e-13,24.7499,0.0584088,7.64935e-05
Phoenix,rep_zone_mean_air_temp_c_mean,0.00189321,7.64935e-05,0.505603,6.15632e-13,24.7499,0.0584088,7.64935e-05
Los_Angeles,facility_purchased_electricity_energy_peak_timestep_kwh,-0.00204814,-7.53349e-05,0.00108117,0.777961,27.1871,1.36646,7.53349e-05
Los_Angeles,facility_purchased_electricity_rate_max_kw,-0.0122888,-7.53349e-05,0.00108117,0.777961,163.123,8.19878,7.53349e-05
Los_Angeles,facility_total_electricity_demand_rate_max_kw,-0.0122888,-7.53349e-05,0.00108117,0.777961,163.123,8.19878,7.53349e-05
Los_Angeles,electricity_facility_peak_w,-12.2888,-7.53348e-05,0.00108117,0.777962,163123,8198.78,7.53348e-05
Los_Angeles,electricity_facility_peak_kw,-0.0122888,-7.53348e-05,0.00108117,0.777962,163.123,8.19878,7.53348e-05
Los_Angeles,rep_zone_thermostat_air_temp_c_mean,0.00183387,7.35924e-05,0.647687,1.96558e-18,24.9192,0.0499885,7.35924e-05
Los_Angeles,rep_zone_mean_air_temp_c_mean,0.00183387,7.35924e-05,0.647687,1.96558e-18,24.9192,0.0499885,7.35924e-05
Toronto,interior_lights_electricity_annual_gj,0.01731,7.0926e-05,0.0817688,0.0122768,244.058,1.32797,7.0926e-05
Toronto,interior_lights_electricity_annual_kwh,4.80835,7.0926e-05,0.0817688,0.0122768,67793.8,368.882,7.0926e-05
Phoenix,rep_zone_sensible_cooling_energy_peak_timestep_kwh,0.000320346,6.5515e-05,0.00850693,0.428108,4.88966,0.0761936,6.5515e-05
Phoenix,rep_zone_sensible_cooling_rate_max_kw,0.00192208,6.5515e-05,0.00850693,0.428108,29.338,0.457161,6.5515e-05
Miami,outdoor_rh_pct_mean,0.00471617,6.45603e-05,0.0105386,0.377533,73.0505,1.00782,6.45603e-05
Montreal,rep_zone_mean_radiant_temp_c_max,0.00157169,5.89579e-05,0.179835,0.000134812,26.6578,0.0813045,5.89579e-05
Toronto,rep_zone_mean_radiant_temp_c_max,0.00152192,5.71114e-05,0.169472,0.000220215,26.6482,0.0811012,5.71114e-05
Miami,delta_t_max_k,-4.56842e-05,-5.24113e-05,0.000137906,0.919802,0.871647,0.0853413,5.24113e-05
Miami,rep_zone_mean_radiant_temp_c_mean,0.00116719,4.52835e-05,0.617595,4.17258e-17,25.7753,0.0325819,4.52835e-05
Miami,rep_zone_sensible_cooling_energy_peak_timestep_kwh,-0.0001395,-3.05666e-05,0.00141349,0.747119,4.56381,0.0813981,3.05666e-05
Miami,rep_zone_sensible_cooling_rate_max_kw,-0.000837002,-3.05666e-05,0.00141349,0.747119,27.3829,0.488389,3.05666e-05
Miami,rep_zone_mean_air_temp_c_mean,-0.000708473,-2.84046e-05,0.634914,7.4111e-18,24.9422,0.0195052,2.84046e-05
Miami,rep_zone_thermostat_air_temp_c_mean,-0.000708473,-2.84046e-05,0.634914,7.4111e-18,24.9422,0.0195052,2.84046e-05
Montreal,rep_zone_operative_temp_c_max,0.000744797,2.76885e-05,0.133052,0.00119686,26.8992,0.0447932,2.76885e-05
Toronto,fans_electricity_peak_kw,0.000863057,2.74179e-05,0.00250043,0.667944,31.4778,0.378632,2.74179e-05
Toronto,fans_electricity_peak_w,0.863057,2.74179e-05,0.00250043,0.667944,31477.8,378.632,2.74179e-05
Montreal,rep_zone_mean_air_temp_c_max,0.000696586,2.56221e-05,0.144217,0.000715684,27.1869,0.0402394,2.56221e-05
Montreal,rep_zone_thermostat_air_temp_c_max,0.000696586,2.56221e-05,0.144217,0.000715684,27.1869,0.0402394,2.56221e-05
Montreal,facility_building_electricity_demand_rate_mean_kw,0.000793789,2.49725e-05,0.139338,0.000896447,31.7865,0.0466505,2.49725e-05
Los_Angeles,facility_building_electricity_demand_rate_mean_kw,0.000670853,2.12357e-05,0.101721,0.0049836,31.5908,0.0461431,2.12357e-05
Toronto,rep_zone_operative_temp_c_max,0.000495127,1.84076e-05,0.0611995,0.0311993,26.8979,0.0439064,1.84076e-05
Los_Angeles,electricity_facility_min_w,0.220206,1.78454e-05,0.0419086,0.0760744,12339.6,23.5974,1.78454e-05
Los_Angeles,electricity_facility_min_kw,0.000220206,1.78454e-05,0.0419086,0.0760744,12.3396,0.0235974,1.78454e-05
Los_Angeles,facility_purchased_electricity_rate_min_kw,0.0002202,1.78449e-05,0.0419082,0.0760758,12.3396,0.0235968,1.78449e-05
Los_Angeles,facility_total_electricity_demand_rate_min_kw,0.0002202,1.78449e-05,0.0419082,0.0760758,12.3396,0.0235968,1.78449e-05
Toronto,facility_building_electricity_demand_rate_mean_kw,0.000548267,1.72757e-05,0.0816084,0.0123661,31.7364,0.0421027,1.72757e-05
Toronto,rep_zone_mean_air_temp_c_max,0.000424953,1.56321e-05,0.0591029,0.0343341,27.1846,0.0383462,1.56321e-05
Toronto,rep_zone_thermostat_air_temp_c_max,0.000424953,1.56321e-05,0.0591029,0.0343341,27.1846,0.0383462,1.56321e-05
Los_Angeles,interior_lights_electricity_min_w,0.0125002,1.37861e-05,0.0263223,0.16144,906.726,1.69021,1.37861e-05
Los_Angeles,interior_lights_electricity_min_kw,1.25002e-05,1.37861e-05,0.0263223,0.16144,0.906726,0.00169021,1.37861e-05
Montreal,facility_total_electricity_demand_rate_mean_kw,-0.000552854,-1.15536e-05,0.000167583,0.911625,47.8515,0.936874,1.15536e-05
Montreal,facility_purchased_electricity_rate_mean_kw,-0.000552854,-1.15536e-05,0.000167583,0.911625,47.8515,0.936874,1.15536e-05
Montreal,facility_purchased_electricity_energy_total_kwh,-4.843,-1.15536e-05,0.000167583,0.911625,419179,8207.02,1.15536e-05
Montreal,electricity_facility_annual_kwh,-4.84032,-1.15472e-05,0.000167397,0.911674,419179,8207.03,1.15472e-05
Montreal,electricity_facility_annual_gj,-0.0174252,-1.15472e-05,0.000167397,0.911674,1509.04,29.5453,1.15472e-05
Vancouver,electricity_hvac_min_kw,-1.71265e-06,-1.01639e-05,0.081045,0.012685,0.168503,0.000131974,1.01639e-05
Vancouver,electricity_hvac_min_w,-0.00171265,-1.01639e-05,0.081045,0.012685,168.503,0.131974,1.01639e-05
Vancouver,facility_hvac_electricity_demand_rate_min_kw,-1.69968e-06,-1.00869e-05,0.081045,0.012685,0.168503,0.000130975,1.00869e-05
Miami,rep_zone_operative_temp_c_mean,0.000229361,9.04465e-06,0.10734,0.00386407,25.3587,0.0153576,9.04465e-06
Miami,facility_building_electricity_demand_rate_mean_kw,-0.000198484,-6.28789e-06,0.00928903,0.407544,31.566,0.0451778,6.28789e-06
Phoenix,rep_zone_operative_temp_c_max,-0.000151661,-5.62188e-06,0.0244735,0.177165,26.9769,0.0212672,5.62188e-06
Phoenix,rep_zone_mean_air_temp_c_max,-9.86113e-05,-3.62001e-06,0.0193973,0.230179,27.2406,0.0155325,3.62001e-06
Phoenix,rep_zone_thermostat_air_temp_c_max,-9.86113e-05,-3.62001e-06,0.0193973,0.230179,27.2406,0.0155325,3.62001e-06
Montreal,outdoor_rh_pct_mean,-0.000241121,-3.4673e-06,1.62965e-05,0.972391,69.5414,1.31031,3.4673e-06
Montreal,electricity_hvac_min_kw,-4.55913e-07,-2.70473e-06,0.0498725,0.0524804,0.168561,4.47854e-05,2.70473e-06
Montreal,electricity_hvac_min_w,-0.000455913,-2.70473e-06,0.0498725,0.0524804,168.561,0.0447854,2.70473e-06
Miami,electricity_hvac_min_kw,4.51494e-07,2.68174e-06,0.0245377,0.179563,0.168358,6.23974e-05,2.68174e-06
Miami,electricity_hvac_min_w,0.000451494,2.68174e-06,0.0245377,0.179563,168.358,0.0623974,2.68174e-06
Miami,facility_hvac_electricity_demand_rate_min_kw,4.45149e-07,2.64405e-06,0.0256475,0.16699,0.168359,6.09773e-05,2.64405e-06
Montreal,facility_hvac_electricity_demand_rate_min_kw,-4.43731e-07,-2.6325e-06,0.0485976,0.0556726,0.168559,4.41568e-05,2.6325e-06
Miami,interior_lights_electricity_annual_kwh,-0.14612,-2.19812e-06,7.87532e-05,0.939766,66474.8,356.457,2.19812e-06
Miami,interior_lights_electricity_annual_gj,-0.000526031,-2.19812e-06,7.87532e-05,0.939766,239.309,1.28325,2.19812e-06
Miami,rep_zone_thermostat_air_temp_c_max,-5.94588e-05,-2.18956e-06,0.000264448,0.889112,27.1556,0.0802104,2.18956e-06
Miami,rep_zone_mean_air_temp_c_max,-5.94588e-05,-2.18956e-06,0.000264448,0.889112,27.1556,0.0802104,2.18956e-06
Phoenix,rep_zone_mean_radiant_temp_c_max,-5.81677e-05,-2.17214e-06,0.0012443,0.76226,26.779,0.0361747,2.17214e-06
Los_Angeles,electricity_hvac_min_kw,-3.45865e-07,-2.05449e-06,0.042471,0.0740899,0.168346,3.68167e-05,2.05449e-06
Los_Angeles,electricity_hvac_min_w,-0.000345865,-2.05449e-06,0.042471,0.0740899,168.346,0.0368167,2.05449e-06
Los_Angeles,facility_hvac_electricity_demand_rate_min_kw,-3.4475e-07,-2.04785e-06,0.0424514,0.0741582,0.168347,3.67065e-05,2.04785e-06
Miami,rep_zone_operative_temp_c_max,-4.5569e-05,-1.6958e-06,0.000137208,0.920005,26.8716,0.0853424,1.6958e-06
Toronto,electricity_hvac_min_kw,-1.88653e-07,-1.11918e-06,0.012636,0.333646,0.168564,3.68167e-05,1.11918e-06
Toronto,electricity_hvac_min_w,-0.000188653,-1.11918e-06,0.012636,0.333646,168.564,0.0368167,1.11918e-06
Toronto,facility_hvac_electricity_demand_rate_min_kw,-1.85479e-07,-1.10036e-06,0.012636,0.333646,0.168561,3.61971e-05,1.10036e-06
Los_Angeles,facility_building_electricity_demand_rate_min_kw,1.25105e-05,1.02983e-06,0.0263851,0.160935,12.1481,0.00168958,1.02983e-06
Miami,rep_zone_mean_radiant_temp_c_max,-2.44014e-05,-9.17392e-07,3.51472e-05,0.959463,26.5986,0.0902929,9.17392e-07
Miami,electricity_facility_min_kw,4.46743e-06,3.62749e-07,0.0184105,0.24576,12.3155,0.000712782,3.62749e-07
Miami,electricity_facility_min_w,0.00446743,3.62749e-07,0.0184105,0.24576,12315.5,0.712782,3.62749e-07
Phoenix,electricity_hvac_min_kw,2.58373e-08,1.5348e-07,0.000339394,0.874491,0.168344,3.07667e-05,1.5348e-07
Phoenix,electricity_hvac_min_w,2.58373e-05,1.5348e-07,0.000339394,0.874491,168.344,0.0307667,1.5348e-07
Phoenix,facility_hvac_electricity_demand_rate_min_kw,2.56417e-08,1.52317e-07,0.000339394,0.874491,0.168345,3.05338e-05,1.52317e-07
Miami,facility_purchased_electricity_rate_min_kw,1.26863e-07,1.0301e-08,1.07581e-05,0.977566,12.3155,0.000848498,1.0301e-08
Miami,facility_total_electricity_demand_rate_min_kw,1.26863e-07,1.0301e-08,1.07581e-05,0.977566,12.3155,0.000848498,1.0301e-08
Montreal,facility_total_electricity_demand_rate_min_kw,1.08354e-07,8.79833e-09,0.0106358,0.375331,12.3153,2.30487e-05,8.79833e-09
Montreal,facility_purchased_electricity_rate_min_kw,1.08354e-07,8.79833e-09,0.0106358,0.375331,12.3153,2.30487e-05,8.79833e-09
Montreal,electricity_facility_min_kw,9.24129e-08,7.5039e-09,0.0106358,0.375331,12.3153,1.96577e-05,7.5039e-09
Montreal,electricity_facility_min_w,9.24129e-05,7.5039e-09,0.0106358,0.375331,12315.3,0.0196577,7.5039e-09
Toronto,facility_purchased_electricity_rate_min_kw,1.7311e-08,1.40565e-09,0.00504935,0.541874,12.3153,5.34429e-06,1.40565e-09
Toronto,facility_total_electricity_demand_rate_min_kw,1.7311e-08,1.40565e-09,0.00504935,0.541874,12.3153,5.34429e-06,1.40565e-09
Toronto,electricity_facility_min_kw,1.47642e-08,1.19885e-09,0.00504935,0.541874,12.3153,4.55803e-06,1.19885e-09
Toronto,electricity_facility_min_w,1.47642e-05,1.19885e-09,0.00504935,0.541874,12315.3,0.00455803,1.19885e-09
Montreal,facility_building_electricity_demand_rate_max_kw,-2.77418e-16,-3.81265e-18,0.112406,0.00307063,72.7624,1.8152e-14,3.81265e-18
Phoenix,facility_purchased_electricity_rate_min_kw,2.57894e-17,2.06604e-18,0.0275326,0.151996,12.4825,3.40959e-15,2.06604e-18
Phoenix,facility_total_electricity_demand_rate_min_kw,2.57894e-17,2.06604e-18,0.0275326,0.151996,12.4825,3.40959e-15,2.06604e-18
Miami,facility_building_electricity_demand_rate_min_kw,-2.13697e-17,-1.7593e-18,0.00797174,0.443082,12.1467,5.25058e-15,1.7593e-18
Toronto,facility_building_electricity_demand_rate_max_kw,-1.07237e-16,-1.4738e-18,0.0650854,0.0261381,72.7624,9.22122e-15,1.4738e-18
Miami,facility_building_electricity_demand_rate_max_kw,-6.95487e-17,-9.81377e-19,0.00300012,0.638396,70.8685,2.78551e-14,9.81377e-19
Los_Angeles,facility_building_electricity_demand_rate_max_kw,5.1093e-17,7.0219e-19,0.0278111,0.149911,72.7624,6.72106e-15,7.0219e-19
Montreal,facility_building_electricity_demand_rate_min_kw,-4.9296e-18,-4.05838e-19,0.00215019,0.690807,12.1467,2.33216e-15,4.05838e-19
Vancouver,facility_building_electricity_demand_rate_max_kw,1.70958e-17,2.23314e-19,0.00264662,0.65896,76.5547,7.29001e-15,2.23314e-19
Phoenix,interior_lights_electricity_min_kw,0,0,0,1,1.07256,2.22045e-16,0
Toronto,interior_equipment_electricity_annual_gj,0,0,0,1,705.43,1.13687e-13,0
Toronto,interior_equipment_electricity_annual_kwh,0,0,0,1,195953,5.82077e-11,0
Toronto,interior_equipment_electricity_peak_w,0,0,0,1,45864.7,1.45519e-11,0
Toronto,interior_lights_electricity_min_kw,0,0,0,1,0.90538,3.33067e-16,0
Toronto,interior_lights_electricity_min_w,0,0,0,1,905.38,2.27374e-13,0
Toronto,interior_lights_electricity_peak_kw,0,0,0,1,25.0038,3.55271e-15,0
Toronto,interior_lights_electricity_peak_w,0,0,0,1,25003.8,7.27596e-12,0
Toronto,facility_heating_setpoint_not_met_occupied_time_max_timestep_hours,0,0,0,1,0.166667,2.77556e-17,0
Toronto,facility_building_electricity_demand_rate_min_kw,0,0,0,1,12.1467,1.77636e-15,0
Toronto,interior_equipment_electricity_min_w,0,0,0,1,11241.3,3.63798e-12,0
Toronto,facility_heating_setpoint_not_met_time_max_timestep_hours,0,0,0,1,0.166667,2.77556e-17,0
Toronto,facility_cooling_setpoint_not_met_time_max_timestep_hours,0,0,0,1,0.166667,2.77556e-17,0
Toronto,facility_cooling_setpoint_not_met_occupied_time_max_timestep_hours,0,0,0,1,0.166667,2.77556e-17,0
Montreal,interior_lights_electricity_min_w,0,0,0,1,905.38,2.27374e-13,0
Montreal,interior_lights_electricity_min_kw,0,0,0,1,0.90538,3.33067e-16,0
Montreal,interior_equipment_electricity_peak_w,0,0,0,1,45864.7,1.45519e-11,0
Montreal,interior_equipment_electricity_min_w,0,0,0,1,11241.3,3.63798e-12,0
Montreal,interior_equipment_electricity_annual_kwh,0,0,0,1,195953,5.82077e-11,0
Montreal,interior_equipment_electricity_annual_gj,0,0,0,1,705.43,1.13687e-13,0
Montreal,fans_electricity_peak_w,0,0,0,1,31641,7.27596e-12,0
Montreal,fans_electricity_peak_kw,0,0,0,1,31.641,1.06581e-14,0
Los_Angeles,interior_equipment_electricity_peak_w,0,0,0,1,45864.7,1.45519e-11,0
Los_Angeles,interior_equipment_electricity_min_w,0,0,0,1,11241.3,3.63798e-12,0
Los_Angeles,interior_equipment_electricity_annual_kwh,0,0,0,1,195953,5.82077e-11,0
Los_Angeles,interior_equipment_electricity_annual_gj,0,0,0,1,705.43,1.13687e-13,0
Los_Angeles,fans_electricity_peak_w,0,0,0,1,28396.4,3.63798e-12,0
Los_Angeles,fans_electricity_peak_kw,0,0,0,1,28.3964,7.10543e-15,0
Montreal,interior_lights_electricity_peak_w,0,0,0,1,25003.8,7.27596e-12,0
Phoenix,electricity_facility_min_kw,0,0,0,1,12.4825,1.77636e-15,0
Phoenix,interior_lights_electricity_peak_kw,0,0,0,1,25.0038,3.55271e-15,0
Phoenix,facility_building_electricity_demand_rate_min_kw,0,0,0,1,12.3139,1.77636e-15,0
Phoenix,facility_cooling_setpoint_not_met_occupied_time_max_timestep_hours,0,0,0,1,0.166667,2.77556e-17,0
Phoenix,facility_cooling_setpoint_not_met_time_max_timestep_hours,0,0,0,1,0.166667,2.77556e-17,0
Los_Angeles,interior_lights_electricity_peak_kw,0,0,0,1,25.0038,3.55271e-15,0
Los_Angeles,interior_lights_electricity_peak_w,0,0,0,1,25003.8,7.27596e-12,0
Phoenix,facility_building_electricity_demand_rate_max_kw,0,0,0,1,70.8685,2.84217e-14,0
Phoenix,facility_building_electricity_demand_rate_mean_kw,0,0,0,1,32.9187,7.10543e-15,0
Phoenix,interior_lights_electricity_min_w,0,0,0,1,1072.56,4.54747e-13,0
Phoenix,interior_lights_electricity_peak_w,0,0,0,1,25003.8,7.27596e-12,0
Phoenix,interior_equipment_electricity_annual_gj,0,0,0,1,705.43,1.13687e-13,0
Phoenix,interior_equipment_electricity_annual_kwh,0,0,0,1,195953,5.82077e-11,0
Phoenix,interior_equipment_electricity_min_w,0,0,0,1,11241.3,3.63798e-12,0
Phoenix,interior_equipment_electricity_peak_w,0,0,0,1,45864.7,1.45519e-11,0
Phoenix,interior_lights_electricity_annual_gj,0,0,0,1,281.64,1.13687e-13,0
Montreal,facility_heating_setpoint_not_met_time_max_timestep_hours,0,0,0,1,0.166667,2.77556e-17,0
Miami,interior_lights_electricity_min_w,0,0,0,1,905.38,2.27374e-13,0
Miami,interior_lights_electricity_min_kw,0,0,0,1,0.90538,2.22045e-16,0
Vancouver,facility_heating_setpoint_not_met_occupied_time_max_timestep_hours,0,0,0,1,0.166667,2.77556e-17,0
Vancouver,facility_heating_setpoint_not_met_time_max_timestep_hours,0,0,0,1,0.166667,2.77556e-17,0
Vancouver,facility_building_electricity_demand_rate_min_kw,0,0,0,1,12.3139,1.77636e-15,0
Vancouver,facility_building_electricity_demand_rate_mean_kw,0,0,0,1,32.9457,1.42109e-14,0
Montreal,facility_cooling_setpoint_not_met_occupied_time_max_timestep_hours,0,0,0,1,0.166667,2.77556e-17,0
Vancouver,electricity_facility_min_kw,0,0,0,1,12.4825,1.77636e-15,0
Montreal,facility_cooling_setpoint_not_met_time_max_timestep_hours,0,0,0,1,0.166667,2.77556e-17,0
Montreal,interior_lights_electricity_peak_kw,0,0,0,1,25.0038,3.55271e-15,0
Montreal,facility_heating_setpoint_not_met_occupied_time_max_timestep_hours,0,0,0,1,0.166667,2.77556e-17,0
Miami,interior_lights_electricity_peak_w,0,0,0,1,25003.8,3.63798e-12,0
Miami,interior_equipment_electricity_annual_gj,0,0,0,1,705.43,1.13687e-13,0
Miami,interior_equipment_electricity_annual_kwh,0,0,0,1,195953,5.82077e-11,0
Miami,interior_equipment_electricity_min_w,0,0,0,1,11241.3,3.63798e-12,0
Miami,interior_lights_electricity_peak_kw,0,0,0,1,25.0038,3.55271e-15,0
Vancouver,interior_lights_electricity_min_kw,0,0,0,1,1.07256,2.22045e-16,0
Vancouver,interior_lights_electricity_annual_gj,0,0,0,1,281.64,1.13687e-13,0
Vancouver,interior_equipment_electricity_peak_w,0,0,0,1,45864.7,1.45519e-11,0
Vancouver,interior_equipment_electricity_min_w,0,0,0,1,11241.3,3.63798e-12,0
Vancouver,interior_equipment_electricity_annual_kwh,0,0,0,1,195953,5.82077e-11,0
Vancouver,interior_equipment_electricity_annual_gj,0,0,0,1,705.43,1.13687e-13,0
Vancouver,facility_total_electricity_demand_rate_min_kw,0,0,0,1,12.4825,1.77636e-15,0
Vancouver,facility_purchased_electricity_rate_min_kw,0,0,0,1,12.4825,1.77636e-15,0
Miami,interior_equipment_electricity_peak_w,0,0,0,1,45864.7,1.45519e-11,0
Miami,facility_cooling_setpoint_not_met_occupied_time_max_timestep_hours,0,0,0,1,0.166667,2.77556e-17,0
Miami,facility_cooling_setpoint_not_met_time_max_timestep_hours,0,0,0,1,0.166667,2.77556e-17,0
Vancouver,interior_lights_electricity_min_w,0,0,0,1,1072.56,4.54747e-13,0
Vancouver,interior_lights_electricity_peak_kw,0,0,0,1,25.0038,3.55271e-15,0
Vancouver,interior_lights_electricity_peak_w,0,0,0,1,25003.8,7.27596e-12,0
Los_Angeles,facility_cooling_setpoint_not_met_occupied_time_max_timestep_hours,0,0,0,1,0.166667,2.77556e-17,0
Los_Angeles,facility_cooling_setpoint_not_met_time_max_timestep_hours,0,0,0,1,0.166667,2.77556e-17,0
